membersgroup,photosgroup,source,shared_from,date,textreactions,likes,ahah,love,wow,sigh,grrr,comments,url
29,7,"Đào Duy Mạnh,BKHUB-01",,"17,April,at,22:26",,10,,,,,,2 Comments,/groups/330316540932008?view=permalink&id=341865676443761
29,7,"Đào Duy Mạnh,BKHUB-01",,"16,April,at,21:40",,7,,1,,,,2 Comments,/groups/330316540932008?view=permalink&id=341442179819444
29,7,"Long Thanh,BKHUB-01",,"16,April,at,14:46",,12,,,,,,2 Comments,/groups/330316540932008?view=permalink&id=341320036498325
29,7,"Đào Duy Mạnh,BKHUB-01",,"14,April,at,00:51",,3,,,,,,2 Comments,/groups/330316540932008?view=permalink&id=340235366606792
29,7,"Đào Duy Mạnh,BKHUB-01",,"14,April,at,22:08",,6,,,,,,1 C,/groups/330316540932008?view=permalink&id=340621579901504
29,7,"Đào Duy Mạnh,BKHUB-01",,"9,April,at,09:30",,2,,,,,,5 Comments,/groups/330316540932008?view=permalink&id=338259106804418
29,7,"Đào Duy Mạnh,BKHUB-01",,"8,April,at,21:49",,6,,,,,,6 Comments,/groups/330316540932008?view=permalink&id=338054166824912
29,7,"Đào Duy Mạnh,BKHUB-01",,"8,April,at,15:39",,4,,,,,,2 Comments,/groups/330316540932008?view=permalink&id=337933410170321
29,7,"Đào Duy Mạnh,BKHUB-01",,"5,April,at,17:12",,7,,,,,,4 Comments,/groups/330316540932008?view=permalink&id=336682023628793
29,7,"Đào Duy Mạnh,BKHUB-01",,"5,April,at,01:08",,10,,2,,,,C,/groups/330316540932008?view=permalink&id=336431313653864
29,7,"Đào Duy Mạnh,BKHUB-01",,"5,April,at,23:27",,9,,,,,,2 Comments,/groups/330316540932008?view=permalink&id=336809033616092
29,7,Đào Duy Mạnh,,"3,April,at,15:18",,11,,1,,,,7 Comments,/groups/330316540932008?view=permalink&id=335856303711365
29,7,"Đào Duy Mạnh,BKHUB-01",,"4,April,at,01:26",,9,,2,,,,2 Comments,/groups/330316540932008?view=permalink&id=336042600359402
29,7,Đào Duy Mạnh,,"1,April,at,02:50",,13,,2,,,,2 Comments,/groups/330316540932008?view=permalink&id=334851967145132
29,7,"Long Thanh,BKHUB-01",,"29,March,at,20:02",,8,,3,,,,5 Comments,/groups/330316540932008?view=permalink&id=333832880580374
29,7,"Đào Duy Mạnh,BKHUB-01",,"29,March,at,21:30",,5,,,,,,3 Comments,/groups/330316540932008?view=permalink&id=333866640576998
29,7,"Đào Duy Mạnh,BKHUB-01",,"2,April,at,02:01",,9,,,,,,1 C,/groups/330316540932008?view=permalink&id=335229530440709
29,7,"Đào Duy Mạnh,BKHUB-01",,"29,March,at,02:30",,12,,1,,,,2 Comments,/groups/330316540932008?view=permalink&id=333571567273172
29,7,"Long Thanh,BKHUB-01",,"28,March,at,23:20",,16,,1,,,,C,/groups/330316540932008?view=permalink&id=333516597278669
29,7,"Đào Duy Mạnh,BKHUB-01",,"28,March,at,15:08",,7,,,,,,2 Comments,/groups/330316540932008?view=permalink&id=333346387295690
29,7,Đào Duy Mạnh,,"26,March,at,23:28",,9,,1,,,,C,/groups/330316540932008?view=permalink&id=332700820693580
29,7,"Đào Duy Mạnh,BKHUB-01",,"26,March,at,23:17",,10,,2,,,,2 Comments,/groups/330316540932008?view=permalink&id=332697114027284
29,7,"Long Thanh,BKHUB-01",,"26,March,at,10:02",,13,,,,,,2 Comments,/groups/330316540932008?view=permalink&id=332474630716199
29,7,"Long Thanh,BKHUB-01",,"23,March,at,13:37",,8,,,,,,8 Comments,/groups/330316540932008?view=permalink&id=331392294157766
29,7,"Long Thanh,BKHUB-01",,"22,March,at,20:32",,5,,,,,,C,/groups/330316540932008?view=permalink&id=331114920852170
29,7,"Long Thanh,BKHUB-01",,"23,March,at,09:01",,4,,,,,,C,/groups/330316540932008?view=permalink&id=331325617497767
29,7,Long Thanh,,"24,March,at,08:51",,8,,1,,,,1 C,/groups/330316540932008?view=permalink&id=331702807460048
,,"Long Thanh,BKHUB-01",,"22,March,at,16:13",,6,,,,,,C,/groups/330316540932008?view=permalink&id=331039987526330
,,Long Thanh,,"22,March,at,17:07",,8,,,,,,3 Comments,/groups/330316540932008?view=permalink&id=331054020858260
,,Long Thanh,,"21,March,at,09:02",,12,,,,,,C,/groups/330316540932008?view=permalink&id=330532434243752
,,Long Thanh,,"20,March,at,19:59",,,,,,,,C,/groups/330316540932008?view=permalink&id=330316554265340
,,"Long Thanh,BKHUB-01",,"22,March,at,08:55",,10,,,,,,3 Comments,/groups/330316540932008?view=permalink&id=330925690871093
