source,reply_to,date,reactions,text,url
Crystal Riley,ROOT,2019-05-31,1,Mandy Bloor Tara Bedward,https://mbasic.facebook.com/comment/replies/?ctoken=10157344527433735_10157344533908735&count=1&curr&pc=1&ft_ent_identifier=10157344527433735&gfid=AQCXyy51o8FwdsVD&refid=52&__tn__=R
Tara Bedward,Crystal Riley,2019-05-31,,Crystal Riley sad and true üòÇ,https://mbasic.facebook.com/comment/replies/?ctoken=10157344527433735_10157344533908735&count=1&curr&pc=1&ft_ent_identifier=10157344527433735&gfid=AQCXyy51o8FwdsVD&refid=52&__tn__=R
Amber Kay Brown,,2019-05-31,1,Megan Elizabeth,https://mbasic.facebook.com/story.php?story_fbid=10157344527433735&id=7177913734
Ashley Toy,,2019-05-31,1,Marie Cuccia,https://mbasic.facebook.com/story.php?story_fbid=10157344527433735&id=7177913734
Joffrey Brs,,2019-05-31,1,Julie Shado,https://mbasic.facebook.com/story.php?story_fbid=10157344527433735&id=7177913734
Jay Fromp,,2019-05-31,1,Daniel Ross,https://mbasic.facebook.com/story.php?story_fbid=10157344527433735&id=7177913734
Alex Murter,,2019-05-31,1,Amanda Leah Stauffer,https://mbasic.facebook.com/story.php?story_fbid=10157344527433735&id=7177913734
Brittany Fryer,,2019-05-31,1,Sydney Jose,https://mbasic.facebook.com/story.php?story_fbid=10157344527433735&id=7177913734
Jason Dungey,,2019-05-31,1,Claudia P√©yroux,https://mbasic.facebook.com/story.php?story_fbid=10157344527433735&id=7177913734
Matti Vanden Panhuyzen,,2019-05-31,2,Kiani De Winter,https://mbasic.facebook.com/story.php?story_fbid=10157344527433735&id=7177913734
Austin Hohmann,,2019-05-31,1,Kaitlyn Marie,https://mbasic.facebook.com/story.php?story_fbid=10157344527433735&id=7177913734
Ruth Fang,ROOT,2019-05-31,2,Laura Karol Akriti,https://mbasic.facebook.com/comment/replies/?ctoken=10157344527433735_10157344944603735&count=2&curr&pc=1&ft_ent_identifier=10157344527433735&gfid=AQArcw-WVTaVGgl5&refid=52&__tn__=R
Laura Rixon,Ruth Fang,2019-05-31,,Ruth fact of the week.,https://mbasic.facebook.com/comment/replies/?ctoken=10157344527433735_10157344944603735&count=2&curr&pc=1&ft_ent_identifier=10157344527433735&gfid=AQArcw-WVTaVGgl5&refid=52&__tn__=R
Akriti Nagpal,Ruth Fang,"Yesterday,at,23:44",,Me rn,https://mbasic.facebook.com/comment/replies/?ctoken=10157344527433735_10157344944603735&count=2&curr&pc=1&ft_ent_identifier=10157344527433735&gfid=AQArcw-WVTaVGgl5&refid=52&__tn__=R
Rene Mues,ROOT,2019-05-31,1,Lotte Rozema,https://mbasic.facebook.com/comment/replies/?ctoken=10157344527433735_10157345061023735&count=1&curr&pc=1&ft_ent_identifier=10157344527433735&gfid=AQCFQ4wQMhtL-EvY&refid=52&__tn__=R
Lotte Rozema,Rene Mues,2019-05-31,1,Rene Mues zo voel ik me wel ja,https://mbasic.facebook.com/comment/replies/?ctoken=10157344527433735_10157345061023735&count=1&curr&pc=1&ft_ent_identifier=10157344527433735&gfid=AQCFQ4wQMhtL-EvY&refid=52&__tn__=R
Vince Lee,ROOT,2019-05-31,2,Mia Huang Yvonne Wang,https://mbasic.facebook.com/comment/replies/?ctoken=10157344527433735_10157345112498735&count=1&curr&pc=1&ft_ent_identifier=10157344527433735&gfid=AQBu8zMzAkH7fN_d&refid=52&__tn__=R
Mia Huang,Vince Lee,2019-05-31,,ËÇ•Áæé,https://mbasic.facebook.com/comment/replies/?ctoken=10157344527433735_10157345112498735&count=1&curr&pc=1&ft_ent_identifier=10157344527433735&gfid=AQBu8zMzAkH7fN_d&refid=52&__tn__=R
Hinal Hinix Arya,ROOT,2019-05-31,1,Chloe Ashlee Alix,https://mbasic.facebook.com/comment/replies/?ctoken=10157344527433735_10157344725128735&count=1&curr&pc=1&ft_ent_identifier=10157344527433735&gfid=AQCrLp4iWsUCRvYX&refid=52&__tn__=R
Ashlee Smith,Hinal Hinix Arya,2019-05-31,1,üôãüèº‚Äç‚ôÄÔ∏è,https://mbasic.facebook.com/comment/replies/?ctoken=10157344527433735_10157344725128735&count=1&curr&pc=1&ft_ent_identifier=10157344527433735&gfid=AQCrLp4iWsUCRvYX&refid=52&__tn__=R
Kaleb Quintero,ROOT,"3,Jun,at,22:53",1,Alexandra Rojas Estupi√±an mira a quien te recuerda,https://mbasic.facebook.com/comment/replies/?ctoken=10157344527433735_10157354998033735&count=1&curr&pc=1&ft_ent_identifier=10157344527433735&gfid=AQA3m5y_bAM1o57S&refid=52&__tn__=R
Alexandra Rojas Estupi√±an,Kaleb Quintero,"3,Jun,at,23:46",,Kaleb Quintero a nuestro Vegis hermoso y loco!!!üòçüëèüò¨üíã,https://mbasic.facebook.com/comment/replies/?ctoken=10157344527433735_10157354998033735&count=1&curr&pc=1&ft_ent_identifier=10157344527433735&gfid=AQA3m5y_bAM1o57S&refid=52&__tn__=R
Filmore Castellanos,ROOT,2019-05-31,1,Este-fany Olguin Lopez,https://mbasic.facebook.com/comment/replies/?ctoken=10157344527433735_10157344540928735&count=1&curr&pc=1&ft_ent_identifier=10157344527433735&gfid=AQABtjpRRFeYzaA2&refid=52&__tn__=R
Este-fany Olguin Lopez,Filmore Castellanos,2019-05-31,,thats so me on tuesdays ready to call out üòìüò≠,https://mbasic.facebook.com/comment/replies/?ctoken=10157344527433735_10157344540928735&count=1&curr&pc=1&ft_ent_identifier=10157344527433735&gfid=AQABtjpRRFeYzaA2&refid=52&__tn__=R
Shelley Ward,,2019-05-31,3,Brittany Olds Vanessa Walsh Jessica Stoker,https://mbasic.facebook.com/story.php?story_fbid=10157344527433735&id=7177913734&p=10&av=100013685075604&eav=Afay58o6mLUWoD6gTsCulTNfKu6mFX194DucnaEfMyY13HX1EmUX6Zm6NsBMMcGsWCM&refid=52
Diego Plata,,2019-05-31,1,Fernanda V. Y√©piz,https://mbasic.facebook.com/story.php?story_fbid=10157344527433735&id=7177913734&p=10&av=100013685075604&eav=Afay58o6mLUWoD6gTsCulTNfKu6mFX194DucnaEfMyY13HX1EmUX6Zm6NsBMMcGsWCM&refid=52
Tricia Conlon,,"2,Jun,at,00:04",1,Joe Conlon...#day12,https://mbasic.facebook.com/story.php?story_fbid=10157344527433735&id=7177913734&p=10&av=100013685075604&eav=Afay58o6mLUWoD6gTsCulTNfKu6mFX194DucnaEfMyY13HX1EmUX6Zm6NsBMMcGsWCM&refid=52
Sierra Michelle,,"1,Jun,at,08:39",,"Jessica Parnell, it's you.",https://mbasic.facebook.com/story.php?story_fbid=10157344527433735&id=7177913734&p=10&av=100013685075604&eav=Afay58o6mLUWoD6gTsCulTNfKu6mFX194DucnaEfMyY13HX1EmUX6Zm6NsBMMcGsWCM&refid=52
Heidi Johnston,ROOT,2019-05-31,1,Felicity Hopkins üòÇ,https://mbasic.facebook.com/comment/replies/?ctoken=10157344527433735_10157345080278735&count=1&curr&pc=1&ft_ent_identifier=10157344527433735&gfid=AQCPnT8U-KWMUjP7&refid=52&__tn__=R
Felicity Hopkins,Heidi Johnston,2019-05-31,1,Heidi Johnston Oh fuck! Yeees dem feelz. Too real. Haha,https://mbasic.facebook.com/comment/replies/?ctoken=10157344527433735_10157345080278735&count=1&curr&pc=1&ft_ent_identifier=10157344527433735&gfid=AQCPnT8U-KWMUjP7&refid=52&__tn__=R
Anubama Vikraman,ROOT,2019-05-31,1,Susan Tess ü§£ü§£,https://mbasic.facebook.com/comment/replies/?ctoken=10157344527433735_10157344640148735&count=1&curr&pc=1&ft_ent_identifier=10157344527433735&gfid=AQCjEqqC5bMWYFp8&refid=52&__tn__=R
Susan Tess,Anubama Vikraman,2019-05-31,,Anubama Vikraman this morning üòñüò´,https://mbasic.facebook.com/comment/replies/?ctoken=10157344527433735_10157344640148735&count=1&curr&pc=1&ft_ent_identifier=10157344527433735&gfid=AQCjEqqC5bMWYFp8&refid=52&__tn__=R
Emma Louise,ROOT,2019-05-31,1,Louise SmithVictoria RoseAdam Chin!!!!!,https://mbasic.facebook.com/comment/replies/?ctoken=10157344527433735_10157344702018735&count=1&curr&pc=1&ft_ent_identifier=10157344527433735&gfid=AQAs7iEKNWbQSNk7&refid=52&__tn__=R
Victoria Rose,Emma Louise,2019-05-31,,Emma Louise üòÇ,https://mbasic.facebook.com/comment/replies/?ctoken=10157344527433735_10157344702018735&count=1&curr&pc=1&ft_ent_identifier=10157344527433735&gfid=AQAs7iEKNWbQSNk7&refid=52&__tn__=R
Aim√©e Mills,ROOT,2019-05-31,1,Jordan Louise please take pics of the girls like this üòÇ never get rid of that table üòÇüòÇüòÇ,https://mbasic.facebook.com/comment/replies/?ctoken=10157344527433735_10157344546518735&count=1&curr&pc=1&ft_ent_identifier=10157344527433735&gfid=AQD2YJCKe1flMEJP&refid=52&__tn__=R
Jordan Louise,Aim√©e Mills,2019-05-31,1,Aim√©e Mills I don't like them on it but for this purpose I'll encourage it lol,https://mbasic.facebook.com/comment/replies/?ctoken=10157344527433735_10157344546518735&count=1&curr&pc=1&ft_ent_identifier=10157344527433735&gfid=AQD2YJCKe1flMEJP&refid=52&__tn__=R
Jenny Taylor,,"2,Jun,at,04:21",1,Rachel Male  üòÜüòÜ,https://mbasic.facebook.com/story.php?story_fbid=10157344527433735&id=7177913734&p=20&av=100013685075604&eav=AfbUhAp8k5QJPPxkqkvkdvF44ooJVHFuThfy1hf6IOAtAme1_0FJTO4QbNtsPHhvnyU&refid=52
Cris Lee,,2019-05-31,2,Tim Scutt üòè,https://mbasic.facebook.com/story.php?story_fbid=10157344527433735&id=7177913734&p=20&av=100013685075604&eav=AfbUhAp8k5QJPPxkqkvkdvF44ooJVHFuThfy1hf6IOAtAme1_0FJTO4QbNtsPHhvnyU&refid=52
Fardo Dopstra,,"1,Jun,at,01:50",,Boukje üòò,https://mbasic.facebook.com/story.php?story_fbid=10157344527433735&id=7177913734&p=20&av=100013685075604&eav=AfbUhAp8k5QJPPxkqkvkdvF44ooJVHFuThfy1hf6IOAtAme1_0FJTO4QbNtsPHhvnyU&refid=52
Nick Nelson,,2019-05-31,,That's how I just woke up...  üòÇ,https://mbasic.facebook.com/story.php?story_fbid=10157344527433735&id=7177913734&p=20&av=100013685075604&eav=AfbUhAp8k5QJPPxkqkvkdvF44ooJVHFuThfy1hf6IOAtAme1_0FJTO4QbNtsPHhvnyU&refid=52
Douglas Victor,,2019-05-31,1,Tahn Marie üòÇ,https://mbasic.facebook.com/story.php?story_fbid=10157344527433735&id=7177913734&p=20&av=100013685075604&eav=AfbUhAp8k5QJPPxkqkvkdvF44ooJVHFuThfy1hf6IOAtAme1_0FJTO4QbNtsPHhvnyU&refid=52
Mosessa,,2019-05-31,1,mood Chloe,https://mbasic.facebook.com/story.php?story_fbid=10157344527433735&id=7177913734&p=20&av=100013685075604&eav=AfbUhAp8k5QJPPxkqkvkdvF44ooJVHFuThfy1hf6IOAtAme1_0FJTO4QbNtsPHhvnyU&refid=52
Cody Campbell,ROOT,2019-05-31,1,Susan Price üòπüòπüòπ,https://mbasic.facebook.com/comment/replies/?ctoken=10157344527433735_10157345203008735&count=1&curr&pc=1&ft_ent_identifier=10157344527433735&gfid=AQByxydublQBzoK6&refid=52&__tn__=R
Susan Price,Cody Campbell,2019-05-31,1,Cody Campbell THATS BUBBA!!,https://mbasic.facebook.com/comment/replies/?ctoken=10157344527433735_10157345203008735&count=1&curr&pc=1&ft_ent_identifier=10157344527433735&gfid=AQByxydublQBzoK6&refid=52&__tn__=R
Rachel Marie Carter,ROOT,2019-05-31,1,Susan Loeffelholz Brady üò≠üò≠,https://mbasic.facebook.com/comment/replies/?ctoken=10157344527433735_10157344693183735&count=1&curr&pc=1&ft_ent_identifier=10157344527433735&gfid=AQDuxt6iF8_vKnPI&refid=52&__tn__=R
Susan Loeffelholz Brady,Rachel Marie Carter,2019-05-31,,Rachel Marie Carter OMG yes!,https://mbasic.facebook.com/comment/replies/?ctoken=10157344527433735_10157344693183735&count=1&curr&pc=1&ft_ent_identifier=10157344527433735&gfid=AQDuxt6iF8_vKnPI&refid=52&__tn__=R
Madeleine Huseby Ellefsen,ROOT,2019-05-31,1,AnineüôÉ,https://mbasic.facebook.com/comment/replies/?ctoken=10157344527433735_10157344556843735&count=3&curr&pc=1&ft_ent_identifier=10157344527433735&gfid=AQBtjWyi-LwZO0gG&refid=52&__tn__=R
M√≠≈°a Wakeford,Madeleine Huseby Ellefsen,2019-05-31,1,Madeleine Huseby Ellefsen hei :),https://mbasic.facebook.com/comment/replies/?ctoken=10157344527433735_10157344556843735&count=3&curr&pc=1&ft_ent_identifier=10157344527433735&gfid=AQBtjWyi-LwZO0gG&refid=52&__tn__=R
Madeleine Huseby Ellefsen,Madeleine Huseby Ellefsen,2019-05-31,,M√≠≈°a Wakeford hei p√• deg,https://mbasic.facebook.com/comment/replies/?ctoken=10157344527433735_10157344556843735&count=3&curr&pc=1&ft_ent_identifier=10157344527433735&gfid=AQBtjWyi-LwZO0gG&refid=52&__tn__=R
Madeleine Huseby Ellefsen,Madeleine Huseby Ellefsen,2019-05-31,1,M√≠≈°a Wakeford hei p√• deg,https://mbasic.facebook.com/comment/replies/?ctoken=10157344527433735_10157344556843735&count=3&curr&pc=1&ft_ent_identifier=10157344527433735&gfid=AQBtjWyi-LwZO0gG&refid=52&__tn__=R
Pete Jensen,ROOT,2019-05-31,,Right? Why does this week feel longer than most normal ones? Probably because I just came back from vacation,https://mbasic.facebook.com/comment/replies/?ctoken=10157344527433735_10157344772898735&count=1&curr&pc=1&ft_ent_identifier=10157344527433735&gfid=AQAOZnXv1XgkgHo1&refid=52&__tn__=R
Karla Corolaria,Pete Jensen,2019-05-31,,"Pete Jensen it's for real, and the worst day was Tuesday, I can swear I saw the clock going backwards lol",https://mbasic.facebook.com/comment/replies/?ctoken=10157344527433735_10157344772898735&count=1&curr&pc=1&ft_ent_identifier=10157344527433735&gfid=AQAOZnXv1XgkgHo1&refid=52&__tn__=R
Aim√©e Mills,,2019-05-31,,Jordan Louise please take pics of the girls like this üòÇ never get rid of that table üòÇüòÇüòÇ,https://mbasic.facebook.com/story.php?story_fbid=10157344527433735&id=7177913734&p=30&av=100013685075604&eav=AfZXOgaeSbrKpX7NfkgYrwjVyCwB4SEKsnmH27tkOExf1U6dP4ToNB240I0gieEUC0A&refid=52
Ross Coudeyras,,2019-05-31,1,Tanner Ogden lol cat face,https://mbasic.facebook.com/story.php?story_fbid=10157344527433735&id=7177913734&p=30&av=100013685075604&eav=AfZXOgaeSbrKpX7NfkgYrwjVyCwB4SEKsnmH27tkOExf1U6dP4ToNB240I0gieEUC0A&refid=52
Sophia Dimopoulos,,2019-05-31,1,Tony Seremak ü§£,https://mbasic.facebook.com/story.php?story_fbid=10157344527433735&id=7177913734&p=30&av=100013685075604&eav=AfZXOgaeSbrKpX7NfkgYrwjVyCwB4SEKsnmH27tkOExf1U6dP4ToNB240I0gieEUC0A&refid=52
Ray Charles,,2019-05-31,,"My thoughts, exactly.",https://mbasic.facebook.com/story.php?story_fbid=10157344527433735&id=7177913734&p=30&av=100013685075604&eav=AfZXOgaeSbrKpX7NfkgYrwjVyCwB4SEKsnmH27tkOExf1U6dP4ToNB240I0gieEUC0A&refid=52
Marie Sque,,2019-05-31,2,PH Reynaud Arnaud Andries ohhh oui la table en verre !,https://mbasic.facebook.com/story.php?story_fbid=10157344527433735&id=7177913734&p=30&av=100013685075604&eav=AfZXOgaeSbrKpX7NfkgYrwjVyCwB4SEKsnmH27tkOExf1U6dP4ToNB240I0gieEUC0A&refid=52
Katie Eck,,2019-05-31,1,Shantal Griffey üòÇ,https://mbasic.facebook.com/story.php?story_fbid=10157344527433735&id=7177913734&p=30&av=100013685075604&eav=AfZXOgaeSbrKpX7NfkgYrwjVyCwB4SEKsnmH27tkOExf1U6dP4ToNB240I0gieEUC0A&refid=52
Aisha Mirza,ROOT,2019-05-31,1,I feel like this one should definitely be in your cat calendar Jim Galus,https://mbasic.facebook.com/comment/replies/?ctoken=10157344527433735_10157344614488735&count=2&curr&pc=1&ft_ent_identifier=10157344527433735&gfid=AQD0muIl3JM9hN2I&refid=52&__tn__=R
Jim Galus,Aisha Mirza,"1,Jun,at,02:38",,Aisha Mirza yes!!! Love it,https://mbasic.facebook.com/comment/replies/?ctoken=10157344527433735_10157344614488735&count=2&curr&pc=1&ft_ent_identifier=10157344527433735&gfid=AQD0muIl3JM9hN2I&refid=52&__tn__=R
Jim Galus,Aisha Mirza,"1,Jun,at,02:38",,Aisha Mirza yes!!! Love it,https://mbasic.facebook.com/comment/replies/?ctoken=10157344527433735_10157344614488735&count=2&curr&pc=1&ft_ent_identifier=10157344527433735&gfid=AQD0muIl3JM9hN2I&refid=52&__tn__=R
Justinas Jankevicius,ROOT,2019-05-31,1,Andrius Burba kada i≈° apaƒçios ≈°onu? :D,https://mbasic.facebook.com/comment/replies/?ctoken=10157344527433735_10157344558968735&count=3&curr&pc=1&ft_ent_identifier=10157344527433735&gfid=AQDTcKQk7ae-ildb&refid=52&__tn__=R
Andrius Burba,Justinas Jankevicius,2019-05-31,3,Justinas Jankevicius  üòÄ,https://mbasic.facebook.com/comment/replies/?ctoken=10157344527433735_10157344558968735&count=3&curr&pc=1&ft_ent_identifier=10157344527433735&gfid=AQDTcKQk7ae-ildb&refid=52&__tn__=R
Andrius Burba,Justinas Jankevicius,2019-05-31,2,"Justinas Jankevicius  kaip kas moka, taip tas pozuoja üòÄ",https://mbasic.facebook.com/comment/replies/?ctoken=10157344527433735_10157344558968735&count=3&curr&pc=1&ft_ent_identifier=10157344527433735&gfid=AQDTcKQk7ae-ildb&refid=52&__tn__=R
Justinas Jankevicius,Justinas Jankevicius,2019-05-31,,Nu super :),https://mbasic.facebook.com/comment/replies/?ctoken=10157344527433735_10157344558968735&count=3&curr&pc=1&ft_ent_identifier=10157344527433735&gfid=AQDTcKQk7ae-ildb&refid=52&__tn__=R
Lea Bee,,2019-05-31,1,"Melanie Gatfield, Mark Jones, Linda McGurk, GenJen Turtle Leo, Natty Nksc",https://mbasic.facebook.com/story.php?story_fbid=10157344527433735&id=7177913734&p=40&av=100013685075604&eav=AfZJyud-OTT2lfl0LHsrbhYk2jsZkfFEoWvVOQ2S4ZurORQ7NaCkgX-GclmUIxBhTUo&refid=52
Andrew Lopez,,2019-05-31,1,Alyssa Herrera me,https://mbasic.facebook.com/story.php?story_fbid=10157344527433735&id=7177913734&p=40&av=100013685075604&eav=AfZJyud-OTT2lfl0LHsrbhYk2jsZkfFEoWvVOQ2S4ZurORQ7NaCkgX-GclmUIxBhTUo&refid=52
Patrick Ryan,,2019-05-31,,Finally over for me,https://mbasic.facebook.com/story.php?story_fbid=10157344527433735&id=7177913734&p=40&av=100013685075604&eav=AfZJyud-OTT2lfl0LHsrbhYk2jsZkfFEoWvVOQ2S4ZurORQ7NaCkgX-GclmUIxBhTUo&refid=52
Thomas Hooper,,2019-05-31,1,Alex Louiise ‚òïüëÄ,https://mbasic.facebook.com/story.php?story_fbid=10157344527433735&id=7177913734&p=40&av=100013685075604&eav=AfZJyud-OTT2lfl0LHsrbhYk2jsZkfFEoWvVOQ2S4ZurORQ7NaCkgX-GclmUIxBhTUo&refid=52
Ronnie Ca√±izares Arricivita,,"Yesterday,at,00:18",,ü§ó,https://mbasic.facebook.com/story.php?story_fbid=10157344527433735&id=7177913734&p=40&av=100013685075604&eav=AfZJyud-OTT2lfl0LHsrbhYk2jsZkfFEoWvVOQ2S4ZurORQ7NaCkgX-GclmUIxBhTUo&refid=52
P√©rola Paes,,"2,Jun,at,16:24",,ü•∞,https://mbasic.facebook.com/story.php?story_fbid=10157344527433735&id=7177913734&p=40&av=100013685075604&eav=AfZJyud-OTT2lfl0LHsrbhYk2jsZkfFEoWvVOQ2S4ZurORQ7NaCkgX-GclmUIxBhTUo&refid=52
Vera Leatemia,,2019-05-31,,Erik Van Der Zanden PRECIES wol,https://mbasic.facebook.com/story.php?story_fbid=10157344527433735&id=7177913734&p=40&av=100013685075604&eav=AfZJyud-OTT2lfl0LHsrbhYk2jsZkfFEoWvVOQ2S4ZurORQ7NaCkgX-GclmUIxBhTUo&refid=52
Nica-chan,,"31,May,at,22:43",,Join my groupüòäüòä  https://www.facebook.com/groups/1270355699788694/95 members,https://mbasic.facebook.com/story.php?story_fbid=10157344527433735&id=7177913734&p=40&av=100013685075604&eav=AfZJyud-OTT2lfl0LHsrbhYk2jsZkfFEoWvVOQ2S4ZurORQ7NaCkgX-GclmUIxBhTUo&refid=52
Marc Bradley,ROOT,2019-05-31,1,Johnny Tan,https://mbasic.facebook.com/comment/replies/?ctoken=10157344527433735_10157344577758735&count=1&curr&pc=1&ft_ent_identifier=10157344527433735&gfid=AQDRA0h-V5c68Ib0&refid=52&__tn__=R
Johnny Tan,Marc Bradley,2019-05-31,,Marc Bradley amazing üòº,https://mbasic.facebook.com/comment/replies/?ctoken=10157344527433735_10157344577758735&count=1&curr&pc=1&ft_ent_identifier=10157344527433735&gfid=AQDRA0h-V5c68Ib0&refid=52&__tn__=R
Ashley Eff,ROOT,2019-05-31,1,Sarah Choi,https://mbasic.facebook.com/comment/replies/?ctoken=10157344527433735_10157345061088735&count=1&curr&pc=1&ft_ent_identifier=10157344527433735&gfid=AQBe3XCiJZAHyWHB&refid=52&__tn__=R
Sarah Choi,Ashley Eff,"1,Jun,at,00:02",,Ashley Eff forreal tho üò≠,https://mbasic.facebook.com/comment/replies/?ctoken=10157344527433735_10157345061088735&count=1&curr&pc=1&ft_ent_identifier=10157344527433735&gfid=AQBe3XCiJZAHyWHB&refid=52&__tn__=R
Matthew Drover,,2019-05-31,1,Dawn Andrews,https://mbasic.facebook.com/story.php?story_fbid=10157344527433735&id=7177913734&p=50&av=100013685075604&eav=Afa0_4K0EQLtJoZmo42M_bIugULa-jIazJGB87lsCgr2fCUUsTt0heZQSftouDhOnvs&refid=52
Angela Garcia,,2019-05-31,1,Krystle Martinez,https://mbasic.facebook.com/story.php?story_fbid=10157344527433735&id=7177913734&p=50&av=100013685075604&eav=Afa0_4K0EQLtJoZmo42M_bIugULa-jIazJGB87lsCgr2fCUUsTt0heZQSftouDhOnvs&refid=52
Natanyel,,2019-05-31,1,Mathilde Mazan,https://mbasic.facebook.com/story.php?story_fbid=10157344527433735&id=7177913734&p=50&av=100013685075604&eav=Afa0_4K0EQLtJoZmo42M_bIugULa-jIazJGB87lsCgr2fCUUsTt0heZQSftouDhOnvs&refid=52
Eric Baker,,2019-05-31,1,James Lopez,https://mbasic.facebook.com/story.php?story_fbid=10157344527433735&id=7177913734&p=50&av=100013685075604&eav=Afa0_4K0EQLtJoZmo42M_bIugULa-jIazJGB87lsCgr2fCUUsTt0heZQSftouDhOnvs&refid=52
Katie Tyrrell,,2019-05-31,1,Caiti Cat,https://mbasic.facebook.com/story.php?story_fbid=10157344527433735&id=7177913734&p=50&av=100013685075604&eav=Afa0_4K0EQLtJoZmo42M_bIugULa-jIazJGB87lsCgr2fCUUsTt0heZQSftouDhOnvs&refid=52
Tahnee Dragich,,2019-05-31,1,Jon Bjorkstam,https://mbasic.facebook.com/story.php?story_fbid=10157344527433735&id=7177913734&p=50&av=100013685075604&eav=Afa0_4K0EQLtJoZmo42M_bIugULa-jIazJGB87lsCgr2fCUUsTt0heZQSftouDhOnvs&refid=52
Franziska Hohenberger,,2019-05-31,1,Elli Indecently,https://mbasic.facebook.com/story.php?story_fbid=10157344527433735&id=7177913734&p=50&av=100013685075604&eav=Afa0_4K0EQLtJoZmo42M_bIugULa-jIazJGB87lsCgr2fCUUsTt0heZQSftouDhOnvs&refid=52
Grady Michael Connell,,2019-05-31,1,Karl Weatherley,https://mbasic.facebook.com/story.php?story_fbid=10157344527433735&id=7177913734&p=50&av=100013685075604&eav=Afa0_4K0EQLtJoZmo42M_bIugULa-jIazJGB87lsCgr2fCUUsTt0heZQSftouDhOnvs&refid=52
Michael Reynolds,ROOT,2019-05-31,1,Lauren,https://mbasic.facebook.com/comment/replies/?ctoken=10157344527433735_10157345491983735&count=1&curr&pc=1&ft_ent_identifier=10157344527433735&gfid=AQC-9b2SM1bz5WVA&refid=52&__tn__=R
Lauren Pike,Michael Reynolds,2019-05-31,,Michael Reynolds HAHAHAHA i can relate to rhat caption too,https://mbasic.facebook.com/comment/replies/?ctoken=10157344527433735_10157345491983735&count=1&curr&pc=1&ft_ent_identifier=10157344527433735&gfid=AQC-9b2SM1bz5WVA&refid=52&__tn__=R
Chris Schmidt,ROOT,2019-05-31,1,Kayla Green,https://mbasic.facebook.com/comment/replies/?ctoken=10157344527433735_10157344742403735&count=1&curr&pc=1&ft_ent_identifier=10157344527433735&gfid=AQBX2LM9CSpy69CM&refid=52&__tn__=R
Kayla Green,Chris Schmidt,2019-05-31,,Chris Schmidt Me every week,https://mbasic.facebook.com/comment/replies/?ctoken=10157344527433735_10157344742403735&count=1&curr&pc=1&ft_ent_identifier=10157344527433735&gfid=AQBX2LM9CSpy69CM&refid=52&__tn__=R
Victoria Sweet,ROOT,"1,Jun,at,05:45",1,Rachel Graham,https://mbasic.facebook.com/comment/replies/?ctoken=10157344527433735_10157347452788735&count=1&curr&pc=1&ft_ent_identifier=10157344527433735&gfid=AQAZjslTqcYG87Eg&refid=52&__tn__=R
Rachel Graham,Victoria Sweet,"1,Jun,at,05:54",,Victoria Sweet It's true!!,https://mbasic.facebook.com/comment/replies/?ctoken=10157344527433735_10157347452788735&count=1&curr&pc=1&ft_ent_identifier=10157344527433735&gfid=AQAZjslTqcYG87Eg&refid=52&__tn__=R
Amrita Basra,ROOT,2019-05-31,1,Alyssha Fernandes Mihai Stefan,https://mbasic.facebook.com/comment/replies/?ctoken=10157344527433735_10157344655793735&count=1&curr&pc=1&ft_ent_identifier=10157344527433735&gfid=AQBvApfDY7AHAPaC&refid=52&__tn__=R
Alyssha Fernandes,Amrita Basra,2019-05-31,1,Amrita Basra üò≠üòÇ,https://mbasic.facebook.com/comment/replies/?ctoken=10157344527433735_10157344655793735&count=1&curr&pc=1&ft_ent_identifier=10157344527433735&gfid=AQBvApfDY7AHAPaC&refid=52&__tn__=R
Mardea Ramlee,,2019-05-31,1,Nadia Maria Bodestyne,https://mbasic.facebook.com/story.php?story_fbid=10157344527433735&id=7177913734&p=60&av=100013685075604&eav=Afbk_FQo7XMIoxrTk1cF0F6vqJJWGAgvtei3ZNQrcc1uw0BBZsReDGuCLyvfiVruQvQ&refid=52
Schneiders Bthny,,2019-05-31,1,Kim,https://mbasic.facebook.com/story.php?story_fbid=10157344527433735&id=7177913734&p=60&av=100013685075604&eav=Afbk_FQo7XMIoxrTk1cF0F6vqJJWGAgvtei3ZNQrcc1uw0BBZsReDGuCLyvfiVruQvQ&refid=52
Saundra Martinez,,2019-05-31,1,Travis,https://mbasic.facebook.com/story.php?story_fbid=10157344527433735&id=7177913734&p=60&av=100013685075604&eav=Afbk_FQo7XMIoxrTk1cF0F6vqJJWGAgvtei3ZNQrcc1uw0BBZsReDGuCLyvfiVruQvQ&refid=52
Helena Bilsborough,,2019-05-31,1,Caitlin Moore,https://mbasic.facebook.com/story.php?story_fbid=10157344527433735&id=7177913734&p=60&av=100013685075604&eav=Afbk_FQo7XMIoxrTk1cF0F6vqJJWGAgvtei3ZNQrcc1uw0BBZsReDGuCLyvfiVruQvQ&refid=52
Wilfredo E Oliva,,2019-05-31,1,Ericka Faye Galang,https://mbasic.facebook.com/story.php?story_fbid=10157344527433735&id=7177913734&p=60&av=100013685075604&eav=Afbk_FQo7XMIoxrTk1cF0F6vqJJWGAgvtei3ZNQrcc1uw0BBZsReDGuCLyvfiVruQvQ&refid=52
Steven Cannady,,2019-05-31,1,Brittney Wilson,https://mbasic.facebook.com/story.php?story_fbid=10157344527433735&id=7177913734&p=60&av=100013685075604&eav=Afbk_FQo7XMIoxrTk1cF0F6vqJJWGAgvtei3ZNQrcc1uw0BBZsReDGuCLyvfiVruQvQ&refid=52
Kinan Rabah,ROOT,2019-05-31,1,Isabella Lykke Nielsen,https://mbasic.facebook.com/comment/replies/?ctoken=10157344527433735_10157344686538735&count=1&curr&pc=1&ft_ent_identifier=10157344527433735&gfid=AQClWBb1BrLCanOG&refid=52&__tn__=R
Isabella Lykke Nielsen,Kinan Rabah,2019-05-31,1,Kinan Rabah cute üò±üôà,https://mbasic.facebook.com/comment/replies/?ctoken=10157344527433735_10157344686538735&count=1&curr&pc=1&ft_ent_identifier=10157344527433735&gfid=AQClWBb1BrLCanOG&refid=52&__tn__=R
Sophie C√©line,ROOT,2019-05-31,,Daria Diana üòÇ,https://mbasic.facebook.com/comment/replies/?ctoken=10157344527433735_10157345783393735&count=1&curr&pc=1&ft_ent_identifier=10157344527433735&gfid=AQCqAZcfYzT7aTxU&refid=52&__tn__=R
Daria Paschke,Sophie C√©line,2019-05-31,,üòÇüòÇüòÇüòÇüòÇ,https://mbasic.facebook.com/comment/replies/?ctoken=10157344527433735_10157345783393735&count=1&curr&pc=1&ft_ent_identifier=10157344527433735&gfid=AQCqAZcfYzT7aTxU&refid=52&__tn__=R
Adam Arveson,ROOT,2019-05-31,1,Jaimie Albert,https://mbasic.facebook.com/comment/replies/?ctoken=10157344527433735_10157344807268735&count=1&curr&pc=1&ft_ent_identifier=10157344527433735&gfid=AQDASIrs76W1wP0p&refid=52&__tn__=R
Jaimie Albert,Adam Arveson,2019-05-31,,Adam Arveson literally me,https://mbasic.facebook.com/comment/replies/?ctoken=10157344527433735_10157344807268735&count=1&curr&pc=1&ft_ent_identifier=10157344527433735&gfid=AQDASIrs76W1wP0p&refid=52&__tn__=R
Cassandra Palm,ROOT,2019-05-31,1,Sabina B√§ckman,https://mbasic.facebook.com/comment/replies/?ctoken=10157344527433735_10157344647058735&count=1&curr&pc=1&ft_ent_identifier=10157344527433735&gfid=AQA4LI6NTSYAvZZU&refid=52&__tn__=R
Sabina B√§ckman,Cassandra Palm,"31,May,at,22:24",,Cassandra Palm hahaha bullen jaa,https://mbasic.facebook.com/comment/replies/?ctoken=10157344527433735_10157344647058735&count=1&curr&pc=1&ft_ent_identifier=10157344527433735&gfid=AQA4LI6NTSYAvZZU&refid=52&__tn__=R
Kevin Kessler,,2019-05-31,1,Christina,https://mbasic.facebook.com/story.php?story_fbid=10157344527433735&id=7177913734&p=70&av=100013685075604&eav=Afaa2ptamG4aAVUWtEXUOuSXrf7K_NAEOQj59XRoeNMw8VH8Mp1fkj65w7wj9uLvcxo&refid=52
Talia Acosta,,2019-05-31,1,Heather Marie,https://mbasic.facebook.com/story.php?story_fbid=10157344527433735&id=7177913734&p=70&av=100013685075604&eav=Afaa2ptamG4aAVUWtEXUOuSXrf7K_NAEOQj59XRoeNMw8VH8Mp1fkj65w7wj9uLvcxo&refid=52
Pham Cong Minh,,2019-05-31,1,H·∫£i Thu,https://mbasic.facebook.com/story.php?story_fbid=10157344527433735&id=7177913734&p=70&av=100013685075604&eav=Afaa2ptamG4aAVUWtEXUOuSXrf7K_NAEOQj59XRoeNMw8VH8Mp1fkj65w7wj9uLvcxo&refid=52
Liz Pryor,,2019-05-31,1,Unsal Dokumaci,https://mbasic.facebook.com/story.php?story_fbid=10157344527433735&id=7177913734&p=70&av=100013685075604&eav=Afaa2ptamG4aAVUWtEXUOuSXrf7K_NAEOQj59XRoeNMw8VH8Mp1fkj65w7wj9uLvcxo&refid=52
Brady Crawford,,2019-05-31,1,Sarah Gianna,https://mbasic.facebook.com/story.php?story_fbid=10157344527433735&id=7177913734&p=70&av=100013685075604&eav=Afaa2ptamG4aAVUWtEXUOuSXrf7K_NAEOQj59XRoeNMw8VH8Mp1fkj65w7wj9uLvcxo&refid=52
Nathan Hessdorfer,,2019-05-31,1,Shayna Marchuk,https://mbasic.facebook.com/story.php?story_fbid=10157344527433735&id=7177913734&p=70&av=100013685075604&eav=Afaa2ptamG4aAVUWtEXUOuSXrf7K_NAEOQj59XRoeNMw8VH8Mp1fkj65w7wj9uLvcxo&refid=52
Sondre Jacobsen,ROOT,2019-05-31,1,Lars √òstli,https://mbasic.facebook.com/comment/replies/?ctoken=10157344527433735_10157344642108735&count=1&curr&pc=1&ft_ent_identifier=10157344527433735&gfid=AQCr3MnkM9o5wDqG&refid=52&__tn__=R
Lars √òstli,Sondre Jacobsen,2019-05-31,,Sondre Jacobsen hahahaha d√¶ven,https://mbasic.facebook.com/comment/replies/?ctoken=10157344527433735_10157344642108735&count=1&curr&pc=1&ft_ent_identifier=10157344527433735&gfid=AQCr3MnkM9o5wDqG&refid=52&__tn__=R
Alex Dudemeister,ROOT,2019-05-31,1,Katarina Sauer,https://mbasic.facebook.com/comment/replies/?ctoken=10157344527433735_10157345695333735&count=1&curr&pc=1&ft_ent_identifier=10157344527433735&gfid=AQCPxpUv5S0OlXgc&refid=52&__tn__=R
Katarina Sauer,Alex Dudemeister,2019-05-31,,Alex Dudemeister  k√∂nnte Ben sein hahaha :D,https://mbasic.facebook.com/comment/replies/?ctoken=10157344527433735_10157345695333735&count=1&curr&pc=1&ft_ent_identifier=10157344527433735&gfid=AQCPxpUv5S0OlXgc&refid=52&__tn__=R
Ayush Sharma,,2019-05-31,1,Kuntal Masram,https://mbasic.facebook.com/story.php?story_fbid=10157344527433735&id=7177913734&p=80&av=100013685075604&eav=AfbfzkqsXCsacGrBkl1Un56bu5JxzuBXJDKo4vBDqfrM9T0L4rNlx1FOkvy3Ti6W3Vc&refid=52
Kaci Allen,,2019-05-31,1,Jennifer Twarynski,https://mbasic.facebook.com/story.php?story_fbid=10157344527433735&id=7177913734&p=80&av=100013685075604&eav=AfbfzkqsXCsacGrBkl1Un56bu5JxzuBXJDKo4vBDqfrM9T0L4rNlx1FOkvy3Ti6W3Vc&refid=52
Richard John Edeson,,2019-05-31,1,Amy Kennedy,https://mbasic.facebook.com/story.php?story_fbid=10157344527433735&id=7177913734&p=80&av=100013685075604&eav=AfbfzkqsXCsacGrBkl1Un56bu5JxzuBXJDKo4vBDqfrM9T0L4rNlx1FOkvy3Ti6W3Vc&refid=52
Ng·ªçc Anh Nguy·ªÖn,,"2,Jun,at,17:08",,Thanh Nam üôÇ,https://mbasic.facebook.com/story.php?story_fbid=10157344527433735&id=7177913734&p=80&av=100013685075604&eav=AfbfzkqsXCsacGrBkl1Un56bu5JxzuBXJDKo4vBDqfrM9T0L4rNlx1FOkvy3Ti6W3Vc&refid=52
Nathan Davidson,,2019-05-31,1,Brittany Shine,https://mbasic.facebook.com/story.php?story_fbid=10157344527433735&id=7177913734&p=80&av=100013685075604&eav=AfbfzkqsXCsacGrBkl1Un56bu5JxzuBXJDKo4vBDqfrM9T0L4rNlx1FOkvy3Ti6W3Vc&refid=52
Riley Barbour,,2019-05-31,1,Marianne de Silva,https://mbasic.facebook.com/story.php?story_fbid=10157344527433735&id=7177913734&p=80&av=100013685075604&eav=AfbfzkqsXCsacGrBkl1Un56bu5JxzuBXJDKo4vBDqfrM9T0L4rNlx1FOkvy3Ti6W3Vc&refid=52
Dan Pham,,2019-05-31,1,Jay Kay,https://mbasic.facebook.com/story.php?story_fbid=10157344527433735&id=7177913734&p=80&av=100013685075604&eav=AfbfzkqsXCsacGrBkl1Un56bu5JxzuBXJDKo4vBDqfrM9T0L4rNlx1FOkvy3Ti6W3Vc&refid=52
Alaa Zarnaji,,2019-05-31,,Keti Lats üòè,https://mbasic.facebook.com/story.php?story_fbid=10157344527433735&id=7177913734&p=80&av=100013685075604&eav=AfbfzkqsXCsacGrBkl1Un56bu5JxzuBXJDKo4vBDqfrM9T0L4rNlx1FOkvy3Ti6W3Vc&refid=52
Haishi Cheng Liang,ROOT,2019-05-31,1,Pam Catlin,https://mbasic.facebook.com/comment/replies/?ctoken=10157344527433735_10157344816608735&count=3&curr&pc=1&ft_ent_identifier=10157344527433735&gfid=AQBf2EVMZyXIjN33&refid=52&__tn__=R
Pam Catlin,Haishi Cheng Liang,2019-05-31,1,Haishi Cheng Liang that‚Äôs me lol,https://mbasic.facebook.com/comment/replies/?ctoken=10157344527433735_10157344816608735&count=3&curr&pc=1&ft_ent_identifier=10157344527433735&gfid=AQBf2EVMZyXIjN33&refid=52&__tn__=R
Haishi Cheng Liang,Haishi Cheng Liang,2019-05-31,,Pam Catlin and me!,https://mbasic.facebook.com/comment/replies/?ctoken=10157344527433735_10157344816608735&count=3&curr&pc=1&ft_ent_identifier=10157344527433735&gfid=AQBf2EVMZyXIjN33&refid=52&__tn__=R
Pam Catlin,Haishi Cheng Liang,2019-05-31,,Haishi Cheng Liang only half a day tomorroe,https://mbasic.facebook.com/comment/replies/?ctoken=10157344527433735_10157344816608735&count=3&curr&pc=1&ft_ent_identifier=10157344527433735&gfid=AQBf2EVMZyXIjN33&refid=52&__tn__=R
Lindsey Juilfs,ROOT,2019-05-31,1,"Erica Pfeil Duncan, Kassidi Blackmon, Sherri Bergmeier Garcia",https://mbasic.facebook.com/comment/replies/?ctoken=10157344527433735_10157345005718735&count=3&curr&pc=1&ft_ent_identifier=10157344527433735&gfid=AQD0_k30RL4CsE2o&refid=52&__tn__=R
Erica Pfeil Duncan,Lindsey Juilfs,2019-05-31,,Lindsey Juilfs me this week!!!,https://mbasic.facebook.com/comment/replies/?ctoken=10157344527433735_10157345005718735&count=3&curr&pc=1&ft_ent_identifier=10157344527433735&gfid=AQD0_k30RL4CsE2o&refid=52&__tn__=R
Sherri Bergmeier Garcia,Lindsey Juilfs,2019-05-31,,I seriously fell asleep at 4 and woke up at 7:30 tonight. And I'm still tired,https://mbasic.facebook.com/comment/replies/?ctoken=10157344527433735_10157345005718735&count=3&curr&pc=1&ft_ent_identifier=10157344527433735&gfid=AQD0_k30RL4CsE2o&refid=52&__tn__=R
Lindsey Juilfs,Lindsey Juilfs,2019-05-31,,Something about short weeks that make them seem extra long.,https://mbasic.facebook.com/comment/replies/?ctoken=10157344527433735_10157345005718735&count=3&curr&pc=1&ft_ent_identifier=10157344527433735&gfid=AQD0_k30RL4CsE2o&refid=52&__tn__=R
Rial Majok,,2019-05-31,1,Paige Scott,https://mbasic.facebook.com/story.php?story_fbid=10157344527433735&id=7177913734&p=90&av=100013685075604&eav=AfZtD-ma0H5hoqShO0LwbbzLWGRTTGitsi83XJRODaPp5iXBf0B3_YunNSB80O8RzNE&refid=52
Kyla McIsaac,,2019-05-31,1,Kristin Amanda,https://mbasic.facebook.com/story.php?story_fbid=10157344527433735&id=7177913734&p=90&av=100013685075604&eav=AfZtD-ma0H5hoqShO0LwbbzLWGRTTGitsi83XJRODaPp5iXBf0B3_YunNSB80O8RzNE&refid=52
Minh Th·ªè H·ªìng,,2019-05-31,1,L√™ H·ªìng H·∫°nh,https://mbasic.facebook.com/story.php?story_fbid=10157344527433735&id=7177913734&p=90&av=100013685075604&eav=AfZtD-ma0H5hoqShO0LwbbzLWGRTTGitsi83XJRODaPp5iXBf0B3_YunNSB80O8RzNE&refid=52
Jordyn Wilson,,2019-05-31,1,Julia Ma,https://mbasic.facebook.com/story.php?story_fbid=10157344527433735&id=7177913734&p=90&av=100013685075604&eav=AfZtD-ma0H5hoqShO0LwbbzLWGRTTGitsi83XJRODaPp5iXBf0B3_YunNSB80O8RzNE&refid=52
Marie Galler,,2019-05-31,1,Andreas Braunschweig,https://mbasic.facebook.com/story.php?story_fbid=10157344527433735&id=7177913734&p=90&av=100013685075604&eav=AfZtD-ma0H5hoqShO0LwbbzLWGRTTGitsi83XJRODaPp5iXBf0B3_YunNSB80O8RzNE&refid=52
Megan Molly,,2019-05-31,1,Colleen McGuire,https://mbasic.facebook.com/story.php?story_fbid=10157344527433735&id=7177913734&p=90&av=100013685075604&eav=AfZtD-ma0H5hoqShO0LwbbzLWGRTTGitsi83XJRODaPp5iXBf0B3_YunNSB80O8RzNE&refid=52
Kelly Quadracci,,2019-05-31,,Exactly,https://mbasic.facebook.com/story.php?story_fbid=10157344527433735&id=7177913734&p=90&av=100013685075604&eav=AfZtD-ma0H5hoqShO0LwbbzLWGRTTGitsi83XJRODaPp5iXBf0B3_YunNSB80O8RzNE&refid=52
Fr√©d√©ric Pilon,,2019-05-31,,Yunnie Lachance,https://mbasic.facebook.com/story.php?story_fbid=10157344527433735&id=7177913734&p=90&av=100013685075604&eav=AfZtD-ma0H5hoqShO0LwbbzLWGRTTGitsi83XJRODaPp5iXBf0B3_YunNSB80O8RzNE&refid=52
Maggie McConnell,ROOT,2019-05-31,,Rebecca WillmottüòÇ,https://mbasic.facebook.com/comment/replies/?ctoken=10157344527433735_10157344746043735&count=1&curr&pc=1&ft_ent_identifier=10157344527433735&gfid=AQBSvxcpedIriBrd&refid=52&__tn__=R
Rebecca Willmott,Maggie McConnell,2019-05-31,1,Maggie McConnell me right now!!,https://mbasic.facebook.com/comment/replies/?ctoken=10157344527433735_10157344746043735&count=1&curr&pc=1&ft_ent_identifier=10157344527433735&gfid=AQBSvxcpedIriBrd&refid=52&__tn__=R
Avik Mason,ROOT,2019-05-31,,Izz Xenia H,https://mbasic.facebook.com/comment/replies/?ctoken=10157344527433735_10157344652258735&count=1&curr&pc=1&ft_ent_identifier=10157344527433735&gfid=AQDEAvIv_HwLbGzJ&refid=52&__tn__=R
Izz Xenia H,Avik Mason,2019-05-31,,Chonky üòç,https://mbasic.facebook.com/comment/replies/?ctoken=10157344527433735_10157344652258735&count=1&curr&pc=1&ft_ent_identifier=10157344527433735&gfid=AQDEAvIv_HwLbGzJ&refid=52&__tn__=R
Shellby Robertson,ROOT,2019-05-31,,Jess Cairns,https://mbasic.facebook.com/comment/replies/?ctoken=10157344527433735_10157344742708735&count=1&curr&pc=1&ft_ent_identifier=10157344527433735&gfid=AQAIJQESThmrbDOE&refid=52&__tn__=R
Jess Cairns,Shellby Robertson,2019-05-31,1,Shellby Robertson what the fuck is a 4 day work week ?,https://mbasic.facebook.com/comment/replies/?ctoken=10157344527433735_10157344742708735&count=1&curr&pc=1&ft_ent_identifier=10157344527433735&gfid=AQAIJQESThmrbDOE&refid=52&__tn__=R
Felicity Hopkins,ROOT,2019-05-31,,Jane Snyder Bowman-Trently,https://mbasic.facebook.com/comment/replies/?ctoken=10157344527433735_10157345672398735&count=1&curr&pc=1&ft_ent_identifier=10157344527433735&gfid=AQDK_ePsp5fksVmv&refid=52&__tn__=R
Jane Snyder Bowman-Trently,Felicity Hopkins,2019-05-31,1,Felicity Hopkins me but after 1 hour of a 6 hour shift üòÇ,https://mbasic.facebook.com/comment/replies/?ctoken=10157344527433735_10157345672398735&count=1&curr&pc=1&ft_ent_identifier=10157344527433735&gfid=AQDK_ePsp5fksVmv&refid=52&__tn__=R
Hill Heath,,2019-05-31,,Alexis Button-Butts,https://mbasic.facebook.com/story.php?story_fbid=10157344527433735&id=7177913734&p=100&av=100013685075604&eav=Afb_1g20fqLT0rNZp7FuxsTMcqUF9_9rdJ7BOlh5J54WhLuqnWF54qDOtAzfs6VEVyU&refid=52
Matilde Argento,,2019-05-31,,üòÇ Ilaria Angiulli,https://mbasic.facebook.com/story.php?story_fbid=10157344527433735&id=7177913734&p=100&av=100013685075604&eav=Afb_1g20fqLT0rNZp7FuxsTMcqUF9_9rdJ7BOlh5J54WhLuqnWF54qDOtAzfs6VEVyU&refid=52
Matthew Smith,,2019-05-31,,Olivia Rollason,https://mbasic.facebook.com/story.php?story_fbid=10157344527433735&id=7177913734&p=100&av=100013685075604&eav=Afb_1g20fqLT0rNZp7FuxsTMcqUF9_9rdJ7BOlh5J54WhLuqnWF54qDOtAzfs6VEVyU&refid=52
Becky Rugh,,2019-05-31,1,Cody Rudy,https://mbasic.facebook.com/story.php?story_fbid=10157344527433735&id=7177913734&p=100&av=100013685075604&eav=Afb_1g20fqLT0rNZp7FuxsTMcqUF9_9rdJ7BOlh5J54WhLuqnWF54qDOtAzfs6VEVyU&refid=52
Walker Lehrer,,2019-05-31,,Reanne Lynette Clark,https://mbasic.facebook.com/story.php?story_fbid=10157344527433735&id=7177913734&p=100&av=100013685075604&eav=Afb_1g20fqLT0rNZp7FuxsTMcqUF9_9rdJ7BOlh5J54WhLuqnWF54qDOtAzfs6VEVyU&refid=52
Dana Thornalley,,2019-05-31,,Georgia Mae Johnson,https://mbasic.facebook.com/story.php?story_fbid=10157344527433735&id=7177913734&p=100&av=100013685075604&eav=Afb_1g20fqLT0rNZp7FuxsTMcqUF9_9rdJ7BOlh5J54WhLuqnWF54qDOtAzfs6VEVyU&refid=52
Roi Shimshoni,,2019-05-31,,Shani Yosef,https://mbasic.facebook.com/story.php?story_fbid=10157344527433735&id=7177913734&p=110&av=100013685075604&eav=AfajoeGLf-JDrcvs2K8VvoYyjCz9flW2PNhl6GfVrTGsx1XXHYMHcW-Efvyplp2iJ8U&refid=52
Lauren Nicholson,,2019-05-31,,David Higgins,https://mbasic.facebook.com/story.php?story_fbid=10157344527433735&id=7177913734&p=110&av=100013685075604&eav=AfajoeGLf-JDrcvs2K8VvoYyjCz9flW2PNhl6GfVrTGsx1XXHYMHcW-Efvyplp2iJ8U&refid=52
Kim Sandberg,,2019-05-31,,Michael Sandberg,https://mbasic.facebook.com/story.php?story_fbid=10157344527433735&id=7177913734&p=110&av=100013685075604&eav=AfajoeGLf-JDrcvs2K8VvoYyjCz9flW2PNhl6GfVrTGsx1XXHYMHcW-Efvyplp2iJ8U&refid=52
Leni Huang,,2019-05-31,,Suma Skotarczak,https://mbasic.facebook.com/story.php?story_fbid=10157344527433735&id=7177913734&p=110&av=100013685075604&eav=AfajoeGLf-JDrcvs2K8VvoYyjCz9flW2PNhl6GfVrTGsx1XXHYMHcW-Efvyplp2iJ8U&refid=52
Dwight Harding,,2019-05-31,,Joy,https://mbasic.facebook.com/story.php?story_fbid=10157344527433735&id=7177913734&p=110&av=100013685075604&eav=AfajoeGLf-JDrcvs2K8VvoYyjCz9flW2PNhl6GfVrTGsx1XXHYMHcW-Efvyplp2iJ8U&refid=52
Billy Alten,,2019-05-31,,Angeleah Alten-Dunkle,https://mbasic.facebook.com/story.php?story_fbid=10157344527433735&id=7177913734&p=110&av=100013685075604&eav=AfajoeGLf-JDrcvs2K8VvoYyjCz9flW2PNhl6GfVrTGsx1XXHYMHcW-Efvyplp2iJ8U&refid=52
Heledd Wyn Roberts,,2019-05-31,,Carys H Roberts,https://mbasic.facebook.com/story.php?story_fbid=10157344527433735&id=7177913734&p=110&av=100013685075604&eav=AfajoeGLf-JDrcvs2K8VvoYyjCz9flW2PNhl6GfVrTGsx1XXHYMHcW-Efvyplp2iJ8U&refid=52
Vera Panganiban,,2019-05-31,1,Eig Nayaw,https://mbasic.facebook.com/story.php?story_fbid=10157344527433735&id=7177913734&p=110&av=100013685075604&eav=AfajoeGLf-JDrcvs2K8VvoYyjCz9flW2PNhl6GfVrTGsx1XXHYMHcW-Efvyplp2iJ8U&refid=52
Carly Tara Abid,,2019-05-31,,Hassan Abid,https://mbasic.facebook.com/story.php?story_fbid=10157344527433735&id=7177913734&p=110&av=100013685075604&eav=AfajoeGLf-JDrcvs2K8VvoYyjCz9flW2PNhl6GfVrTGsx1XXHYMHcW-Efvyplp2iJ8U&refid=52
Philipp Schmidl,,2019-05-31,,Caro Lisa Schmidl,https://mbasic.facebook.com/story.php?story_fbid=10157344527433735&id=7177913734&p=110&av=100013685075604&eav=AfajoeGLf-JDrcvs2K8VvoYyjCz9flW2PNhl6GfVrTGsx1XXHYMHcW-Efvyplp2iJ8U&refid=52
Lauren Pike,ROOT,2019-05-31,1,Steph Cannon,https://mbasic.facebook.com/comment/replies/?ctoken=10157344527433735_10157345516298735&count=1&curr&pc=1&ft_ent_identifier=10157344527433735&gfid=AQDObcc_rdiGeSCC&refid=52&__tn__=R
Steph Cannon,Lauren Pike,2019-05-31,1,Lauren Pike this is just me on a daily üòÇ,https://mbasic.facebook.com/comment/replies/?ctoken=10157344527433735_10157345516298735&count=1&curr&pc=1&ft_ent_identifier=10157344527433735&gfid=AQDObcc_rdiGeSCC&refid=52&__tn__=R
Tasevski Nikola,,2019-05-31,,Darko Kiprijanovski,https://mbasic.facebook.com/story.php?story_fbid=10157344527433735&id=7177913734&p=120&av=100013685075604&eav=AfYNs-wB_DC7BQmgHImZKzZYnSXnNTQCRfXGaGcRQsP1znCurfTDrAWD4eYtFutWEM4&refid=52
Kat Culler,,2019-05-31,,Garrett,https://mbasic.facebook.com/story.php?story_fbid=10157344527433735&id=7177913734&p=120&av=100013685075604&eav=AfYNs-wB_DC7BQmgHImZKzZYnSXnNTQCRfXGaGcRQsP1znCurfTDrAWD4eYtFutWEM4&refid=52
Carley Huntley,,2019-05-31,,Luke Dracul,https://mbasic.facebook.com/story.php?story_fbid=10157344527433735&id=7177913734&p=120&av=100013685075604&eav=AfYNs-wB_DC7BQmgHImZKzZYnSXnNTQCRfXGaGcRQsP1znCurfTDrAWD4eYtFutWEM4&refid=52
Ridge Jackson,,2019-05-31,,Rhion Lesley Conroy,https://mbasic.facebook.com/story.php?story_fbid=10157344527433735&id=7177913734&p=120&av=100013685075604&eav=AfYNs-wB_DC7BQmgHImZKzZYnSXnNTQCRfXGaGcRQsP1znCurfTDrAWD4eYtFutWEM4&refid=52
Eytan Zyskrot,,2019-05-31,,Anat Katz,https://mbasic.facebook.com/story.php?story_fbid=10157344527433735&id=7177913734&p=120&av=100013685075604&eav=AfYNs-wB_DC7BQmgHImZKzZYnSXnNTQCRfXGaGcRQsP1znCurfTDrAWD4eYtFutWEM4&refid=52
Catherine Giroux,,2019-05-31,,R√©becca Cantin,https://mbasic.facebook.com/story.php?story_fbid=10157344527433735&id=7177913734&p=120&av=100013685075604&eav=AfYNs-wB_DC7BQmgHImZKzZYnSXnNTQCRfXGaGcRQsP1znCurfTDrAWD4eYtFutWEM4&refid=52
Toba Brent,,2019-05-31,,Sara Aonuma,https://mbasic.facebook.com/story.php?story_fbid=10157344527433735&id=7177913734&p=120&av=100013685075604&eav=AfYNs-wB_DC7BQmgHImZKzZYnSXnNTQCRfXGaGcRQsP1znCurfTDrAWD4eYtFutWEM4&refid=52
Andr√© Nvm,,"31,May,at,23:34",,classic cat,https://mbasic.facebook.com/story.php?story_fbid=10157344527433735&id=7177913734&p=120&av=100013685075604&eav=AfYNs-wB_DC7BQmgHImZKzZYnSXnNTQCRfXGaGcRQsP1znCurfTDrAWD4eYtFutWEM4&refid=52
H·∫°nh Ho√†ng,,"31,May,at,22:50",,Thanh Ngan Le,https://mbasic.facebook.com/story.php?story_fbid=10157344527433735&id=7177913734&p=120&av=100013685075604&eav=AfYNs-wB_DC7BQmgHImZKzZYnSXnNTQCRfXGaGcRQsP1znCurfTDrAWD4eYtFutWEM4&refid=52
Ken Asada,ROOT,2019-05-31,1,Akari Ohashi,https://mbasic.facebook.com/comment/replies/?ctoken=10157344527433735_10157346060863735&count=1&curr&pc=1&ft_ent_identifier=10157344527433735&gfid=AQCOx2Esji6bMFhh&refid=52&__tn__=R
Akari Ohashi,Ken Asada,"1,Jun,at,00:37",1,FLATTT,https://mbasic.facebook.com/comment/replies/?ctoken=10157344527433735_10157346060863735&count=1&curr&pc=1&ft_ent_identifier=10157344527433735&gfid=AQCOx2Esji6bMFhh&refid=52&__tn__=R
James Killingback,ROOT,2019-05-31,,Bobby Walkden,https://mbasic.facebook.com/comment/replies/?ctoken=10157344527433735_10157344819723735&count=1&curr&pc=1&ft_ent_identifier=10157344527433735&gfid=AQDmFcaPu747pfO7&refid=52&__tn__=R
Bobby Walkden,James Killingback,2019-05-31,,James Killingback Tell me about it ü§Ø,https://mbasic.facebook.com/comment/replies/?ctoken=10157344527433735_10157344819723735&count=1&curr&pc=1&ft_ent_identifier=10157344527433735&gfid=AQDmFcaPu747pfO7&refid=52&__tn__=R
David Batt,ROOT,2019-05-31,,Barbara Pirga,https://mbasic.facebook.com/comment/replies/?ctoken=10157344527433735_10157344879748735&count=1&curr&pc=1&ft_ent_identifier=10157344527433735&gfid=AQBUTZ1YAdKrgQTs&refid=52&__tn__=R
Barbara Pirga,David Batt,2019-05-31,,so flat!,https://mbasic.facebook.com/comment/replies/?ctoken=10157344527433735_10157344879748735&count=1&curr&pc=1&ft_ent_identifier=10157344527433735&gfid=AQBUTZ1YAdKrgQTs&refid=52&__tn__=R
Vincent Philippon,ROOT,2019-05-31,,Laurence Filion Bienvenue,https://mbasic.facebook.com/comment/replies/?ctoken=10157344527433735_10157344630558735&count=1&curr&pc=1&ft_ent_identifier=10157344527433735&gfid=AQBeQ7lERd4d24BF&refid=52&__tn__=R
Laurence Filion Bienvenue,Vincent Philippon,2019-05-31,,Vincent Philippon üòÇüòÇüòÇ,https://mbasic.facebook.com/comment/replies/?ctoken=10157344527433735_10157344630558735&count=1&curr&pc=1&ft_ent_identifier=10157344527433735&gfid=AQBeQ7lERd4d24BF&refid=52&__tn__=R
Florian Eht,ROOT,2019-05-31,,Benjamin Doll,https://mbasic.facebook.com/comment/replies/?ctoken=10157344527433735_10157344581233735&count=2&curr&pc=1&ft_ent_identifier=10157344527433735&gfid=AQDHXvGdHwOBkDtv&refid=52&__tn__=R
Benjamin Doll,Florian Eht,2019-05-31,1,Florian Eht üòÇüòÇüòÇüëåüèª,https://mbasic.facebook.com/comment/replies/?ctoken=10157344527433735_10157344581233735&count=2&curr&pc=1&ft_ent_identifier=10157344527433735&gfid=AQDHXvGdHwOBkDtv&refid=52&__tn__=R
Florian Eht,Florian Eht,2019-05-31,,Benjamin Doll üòÇüëåüèª,https://mbasic.facebook.com/comment/replies/?ctoken=10157344527433735_10157344581233735&count=2&curr&pc=1&ft_ent_identifier=10157344527433735&gfid=AQDHXvGdHwOBkDtv&refid=52&__tn__=R
Melvin Mast,,2019-05-31,,Karen van Beek,https://mbasic.facebook.com/story.php?story_fbid=10157344527433735&id=7177913734&p=130&av=100013685075604&eav=AfbHUlmCGibpRZbD035R7aG3gO8A6kGk7Mzz4jWmBl0yH4DswVuqZfn7yXFE180J9ds&refid=52
Kulcs√°r Norbert,,2019-05-31,,Andreea,https://mbasic.facebook.com/story.php?story_fbid=10157344527433735&id=7177913734&p=130&av=100013685075604&eav=AfbHUlmCGibpRZbD035R7aG3gO8A6kGk7Mzz4jWmBl0yH4DswVuqZfn7yXFE180J9ds&refid=52
Rita Nguyen,,2019-05-31,,Niklas Loitz,https://mbasic.facebook.com/story.php?story_fbid=10157344527433735&id=7177913734&p=130&av=100013685075604&eav=AfbHUlmCGibpRZbD035R7aG3gO8A6kGk7Mzz4jWmBl0yH4DswVuqZfn7yXFE180J9ds&refid=52
Philippe Pinard,,"2,Jun,at,14:10",,Ariel Trayci,https://mbasic.facebook.com/story.php?story_fbid=10157344527433735&id=7177913734&p=130&av=100013685075604&eav=AfbHUlmCGibpRZbD035R7aG3gO8A6kGk7Mzz4jWmBl0yH4DswVuqZfn7yXFE180J9ds&refid=52
Irina Nicula,,2019-05-31,,Steve Zeeuwe,https://mbasic.facebook.com/story.php?story_fbid=10157344527433735&id=7177913734&p=130&av=100013685075604&eav=AfbHUlmCGibpRZbD035R7aG3gO8A6kGk7Mzz4jWmBl0yH4DswVuqZfn7yXFE180J9ds&refid=52
Isobel Varney,,2019-05-31,,Chloe Palmer,https://mbasic.facebook.com/story.php?story_fbid=10157344527433735&id=7177913734&p=140&av=100013685075604&eav=AfYsZI_FrrrROCtPV3r1hr1cZ7ZoSX2qR0Vfk81LM0_krHeV1LzvBRTV5HMm1ousv_A&refid=52
Shane Smallacombe,,2019-05-31,,Alice Prokopec,https://mbasic.facebook.com/story.php?story_fbid=10157344527433735&id=7177913734&p=140&av=100013685075604&eav=AfYsZI_FrrrROCtPV3r1hr1cZ7ZoSX2qR0Vfk81LM0_krHeV1LzvBRTV5HMm1ousv_A&refid=52
Lee Dothage,,2019-05-31,,Constance Smith,https://mbasic.facebook.com/story.php?story_fbid=10157344527433735&id=7177913734&p=140&av=100013685075604&eav=AfYsZI_FrrrROCtPV3r1hr1cZ7ZoSX2qR0Vfk81LM0_krHeV1LzvBRTV5HMm1ousv_A&refid=52
Emily Alvarez,,2019-05-31,,Jenna Lindsey,https://mbasic.facebook.com/story.php?story_fbid=10157344527433735&id=7177913734&p=140&av=100013685075604&eav=AfYsZI_FrrrROCtPV3r1hr1cZ7ZoSX2qR0Vfk81LM0_krHeV1LzvBRTV5HMm1ousv_A&refid=52
Emily Alvarez,,2019-05-31,,Jenna Lindsey,https://mbasic.facebook.com/story.php?story_fbid=10157344527433735&id=7177913734&p=140&av=100013685075604&eav=AfYsZI_FrrrROCtPV3r1hr1cZ7ZoSX2qR0Vfk81LM0_krHeV1LzvBRTV5HMm1ousv_A&refid=52
Taylor James Sullivan,,2019-05-31,,David Llewellyn,https://mbasic.facebook.com/story.php?story_fbid=10157344527433735&id=7177913734&p=140&av=100013685075604&eav=AfYsZI_FrrrROCtPV3r1hr1cZ7ZoSX2qR0Vfk81LM0_krHeV1LzvBRTV5HMm1ousv_A&refid=52
Sondre Jacobsen,,2019-05-31,,Lars √òstli,https://mbasic.facebook.com/story.php?story_fbid=10157344527433735&id=7177913734&p=140&av=100013685075604&eav=AfYsZI_FrrrROCtPV3r1hr1cZ7ZoSX2qR0Vfk81LM0_krHeV1LzvBRTV5HMm1ousv_A&refid=52
Edgar Lit,,2019-05-31,,Ariel O'Campo haha,https://mbasic.facebook.com/story.php?story_fbid=10157344527433735&id=7177913734&p=140&av=100013685075604&eav=AfYsZI_FrrrROCtPV3r1hr1cZ7ZoSX2qR0Vfk81LM0_krHeV1LzvBRTV5HMm1ousv_A&refid=52
Tash Witte,,"2,Jun,at,18:57",,Risto,https://mbasic.facebook.com/story.php?story_fbid=10157344527433735&id=7177913734&p=140&av=100013685075604&eav=AfYsZI_FrrrROCtPV3r1hr1cZ7ZoSX2qR0Vfk81LM0_krHeV1LzvBRTV5HMm1ousv_A&refid=52
Raegina Taylor,,"1,Jun,at,14:55",,Adam Murray,https://mbasic.facebook.com/story.php?story_fbid=10157344527433735&id=7177913734&p=140&av=100013685075604&eav=AfYsZI_FrrrROCtPV3r1hr1cZ7ZoSX2qR0Vfk81LM0_krHeV1LzvBRTV5HMm1ousv_A&refid=52
Michelle Dailitka,,"1,Jun,at,01:20",,Sara Whitley,https://mbasic.facebook.com/story.php?story_fbid=10157344527433735&id=7177913734&p=150&av=100013685075604&eav=AfbLLMkmFx_h3SViYEulkaqqAHjj--KutjsCga8mbRcLgHKAlYtFX2iK7jaUqJ1Liw4&refid=52
Matthew Warner,,2019-05-31,,Myron Leonard Jr.,https://mbasic.facebook.com/story.php?story_fbid=10157344527433735&id=7177913734&p=150&av=100013685075604&eav=AfbLLMkmFx_h3SViYEulkaqqAHjj--KutjsCga8mbRcLgHKAlYtFX2iK7jaUqJ1Liw4&refid=52
Chris Ebbs,,2019-05-31,1,Audrey O'Connor,https://mbasic.facebook.com/story.php?story_fbid=10157344527433735&id=7177913734&p=150&av=100013685075604&eav=AfbLLMkmFx_h3SViYEulkaqqAHjj--KutjsCga8mbRcLgHKAlYtFX2iK7jaUqJ1Liw4&refid=52
Lindsey Parker,,2019-05-31,,Leah,https://mbasic.facebook.com/story.php?story_fbid=10157344527433735&id=7177913734&p=150&av=100013685075604&eav=AfbLLMkmFx_h3SViYEulkaqqAHjj--KutjsCga8mbRcLgHKAlYtFX2iK7jaUqJ1Liw4&refid=52
Tina Karlsson,,2019-05-31,,Clara Eriksson,https://mbasic.facebook.com/story.php?story_fbid=10157344527433735&id=7177913734&p=150&av=100013685075604&eav=AfbLLMkmFx_h3SViYEulkaqqAHjj--KutjsCga8mbRcLgHKAlYtFX2iK7jaUqJ1Liw4&refid=52
Sai Kornsuwan,,2019-05-31,,Jessica Lutton,https://mbasic.facebook.com/story.php?story_fbid=10157344527433735&id=7177913734&p=150&av=100013685075604&eav=AfbLLMkmFx_h3SViYEulkaqqAHjj--KutjsCga8mbRcLgHKAlYtFX2iK7jaUqJ1Liw4&refid=52
Henry Watson,,"1,Jun,at,11:29",1,Olivia Breeze,https://mbasic.facebook.com/story.php?story_fbid=10157344527433735&id=7177913734&p=150&av=100013685075604&eav=AfbLLMkmFx_h3SViYEulkaqqAHjj--KutjsCga8mbRcLgHKAlYtFX2iK7jaUqJ1Liw4&refid=52
Emanuela Botros,,"1,Jun,at,04:27",,Solenn Dumont,https://mbasic.facebook.com/story.php?story_fbid=10157344527433735&id=7177913734&p=150&av=100013685075604&eav=AfbLLMkmFx_h3SViYEulkaqqAHjj--KutjsCga8mbRcLgHKAlYtFX2iK7jaUqJ1Liw4&refid=52
Bram Braspenning,,"1,Jun,at,03:10",1,Lize,https://mbasic.facebook.com/story.php?story_fbid=10157344527433735&id=7177913734&p=150&av=100013685075604&eav=AfbLLMkmFx_h3SViYEulkaqqAHjj--KutjsCga8mbRcLgHKAlYtFX2iK7jaUqJ1Liw4&refid=52
Toria Rees,,"31,May,at,23:27",1,Gemma Whitaker,https://mbasic.facebook.com/story.php?story_fbid=10157344527433735&id=7177913734&p=150&av=100013685075604&eav=AfbLLMkmFx_h3SViYEulkaqqAHjj--KutjsCga8mbRcLgHKAlYtFX2iK7jaUqJ1Liw4&refid=52
Jenna Abamonte,ROOT,2019-05-31,,Samantha Veenhuis,https://mbasic.facebook.com/comment/replies/?ctoken=10157344527433735_10157346381163735&count=1&curr&pc=1&ft_ent_identifier=10157344527433735&gfid=AQBJLpgmOoe8WWLH&refid=52&__tn__=R
Samantha Veenhuis,Jenna Abamonte,"31,May,at,23:13",,Jenna Abamonte  oh fer cute!,https://mbasic.facebook.com/comment/replies/?ctoken=10157344527433735_10157346381163735&count=1&curr&pc=1&ft_ent_identifier=10157344527433735&gfid=AQBJLpgmOoe8WWLH&refid=52&__tn__=R
Mitch Hall,,"31,May,at,22:47",1,Lizzie,https://mbasic.facebook.com/story.php?story_fbid=10157344527433735&id=7177913734&p=160&av=100013685075604&eav=AfZyBTQDLQCPBdvSSZiy5MOBeaP-NLCecfmU70OH6dwLN4cu1VFODdHrRx9EXXN3YhU&refid=52
Diana Diana,,2019-05-31,1,Emil Klausen,https://mbasic.facebook.com/story.php?story_fbid=10157344527433735&id=7177913734&p=160&av=100013685075604&eav=AfZyBTQDLQCPBdvSSZiy5MOBeaP-NLCecfmU70OH6dwLN4cu1VFODdHrRx9EXXN3YhU&refid=52
Mickey Cartin,,2019-05-31,,Francesca Florence,https://mbasic.facebook.com/story.php?story_fbid=10157344527433735&id=7177913734&p=160&av=100013685075604&eav=AfZyBTQDLQCPBdvSSZiy5MOBeaP-NLCecfmU70OH6dwLN4cu1VFODdHrRx9EXXN3YhU&refid=52
–ï–ª–µ–Ω–∞ –ö–≤–∞—Ä—Ç–∞–ª–æ–≤–∞,,2019-05-31,,Tanya Sergeeva,https://mbasic.facebook.com/story.php?story_fbid=10157344527433735&id=7177913734&p=160&av=100013685075604&eav=AfZyBTQDLQCPBdvSSZiy5MOBeaP-NLCecfmU70OH6dwLN4cu1VFODdHrRx9EXXN3YhU&refid=52
Becky Ketteringham,,2019-05-31,,Shelley Saunders,https://mbasic.facebook.com/story.php?story_fbid=10157344527433735&id=7177913734&p=160&av=100013685075604&eav=AfZyBTQDLQCPBdvSSZiy5MOBeaP-NLCecfmU70OH6dwLN4cu1VFODdHrRx9EXXN3YhU&refid=52
James Hyun,,2019-05-31,1,Dalia Hernandez,https://mbasic.facebook.com/story.php?story_fbid=10157344527433735&id=7177913734&p=160&av=100013685075604&eav=AfZyBTQDLQCPBdvSSZiy5MOBeaP-NLCecfmU70OH6dwLN4cu1VFODdHrRx9EXXN3YhU&refid=52
Anthony Bibeau,,2019-05-31,1,Catherine Ethier,https://mbasic.facebook.com/story.php?story_fbid=10157344527433735&id=7177913734&p=160&av=100013685075604&eav=AfZyBTQDLQCPBdvSSZiy5MOBeaP-NLCecfmU70OH6dwLN4cu1VFODdHrRx9EXXN3YhU&refid=52
Bobby Vanderpool,,2019-05-31,1,Mason Boyle,https://mbasic.facebook.com/story.php?story_fbid=10157344527433735&id=7177913734&p=160&av=100013685075604&eav=AfZyBTQDLQCPBdvSSZiy5MOBeaP-NLCecfmU70OH6dwLN4cu1VFODdHrRx9EXXN3YhU&refid=52
Casey Chien,,2019-05-31,1,Marcelino Varona,https://mbasic.facebook.com/story.php?story_fbid=10157344527433735&id=7177913734&p=160&av=100013685075604&eav=AfZyBTQDLQCPBdvSSZiy5MOBeaP-NLCecfmU70OH6dwLN4cu1VFODdHrRx9EXXN3YhU&refid=52
Jenna Corpe,ROOT,2019-05-31,,Richard Slater,https://mbasic.facebook.com/comment/replies/?ctoken=10157344527433735_10157344762893735&count=1&curr&pc=1&ft_ent_identifier=10157344527433735&gfid=AQDGUkpWeqT9cgiy&refid=52&__tn__=R
Richard Slater,Jenna Corpe,2019-05-31,,,https://mbasic.facebook.com/comment/replies/?ctoken=10157344527433735_10157344762893735&count=1&curr&pc=1&ft_ent_identifier=10157344527433735&gfid=AQDGUkpWeqT9cgiy&refid=52&__tn__=R
Andrew Chavez,ROOT,2019-05-31,,"Lol, you this week with finals Rainee",https://mbasic.facebook.com/comment/replies/?ctoken=10157344527433735_10157344863093735&count=1&curr&pc=1&ft_ent_identifier=10157344527433735&gfid=AQBvHIEVJBWotPmK&refid=52&__tn__=R
Rainee Zhao,Andrew Chavez,2019-05-31,1,üò≠üò≠üò≠,https://mbasic.facebook.com/comment/replies/?ctoken=10157344527433735_10157344863093735&count=1&curr&pc=1&ft_ent_identifier=10157344527433735&gfid=AQBvHIEVJBWotPmK&refid=52&__tn__=R
Renato D'Incau,,2019-05-31,1,Claudio Dincau,https://mbasic.facebook.com/story.php?story_fbid=10157344527433735&id=7177913734&p=170&av=100013685075604&eav=AfYcOL_rQcBiyy0yRsWk84Dh_0NGlzDJQn2duKjp_6yfdbusBtXpDK6ltcWIfIVd6yc&refid=52
Ludwig Bj√∂rn Josefsson,,2019-05-31,1,Max Hemberg,https://mbasic.facebook.com/story.php?story_fbid=10157344527433735&id=7177913734&p=170&av=100013685075604&eav=AfYcOL_rQcBiyy0yRsWk84Dh_0NGlzDJQn2duKjp_6yfdbusBtXpDK6ltcWIfIVd6yc&refid=52
John Larose,,2019-05-31,1,Karine St-Hilaire idk why but i immediately thought of you,https://mbasic.facebook.com/story.php?story_fbid=10157344527433735&id=7177913734&p=170&av=100013685075604&eav=AfYcOL_rQcBiyy0yRsWk84Dh_0NGlzDJQn2duKjp_6yfdbusBtXpDK6ltcWIfIVd6yc&refid=52
Laura Kelly,,2019-05-31,2,Erin squish,https://mbasic.facebook.com/story.php?story_fbid=10157344527433735&id=7177913734&p=170&av=100013685075604&eav=AfYcOL_rQcBiyy0yRsWk84Dh_0NGlzDJQn2duKjp_6yfdbusBtXpDK6ltcWIfIVd6yc&refid=52
G√ºlnar Babayeva,,2019-05-31,,Alex Mobi just this one üòÇ no more,https://mbasic.facebook.com/story.php?story_fbid=10157344527433735&id=7177913734&p=170&av=100013685075604&eav=AfYcOL_rQcBiyy0yRsWk84Dh_0NGlzDJQn2duKjp_6yfdbusBtXpDK6ltcWIfIVd6yc&refid=52
Brooke Meleah,,2019-05-31,1,Marielle you on monday,https://mbasic.facebook.com/story.php?story_fbid=10157344527433735&id=7177913734&p=170&av=100013685075604&eav=AfYcOL_rQcBiyy0yRsWk84Dh_0NGlzDJQn2duKjp_6yfdbusBtXpDK6ltcWIfIVd6yc&refid=52
Claire Witzelsucht,,"3,Jun,at,04:08",,Jonathan Ruiz,https://mbasic.facebook.com/story.php?story_fbid=10157344527433735&id=7177913734&p=170&av=100013685075604&eav=AfYcOL_rQcBiyy0yRsWk84Dh_0NGlzDJQn2duKjp_6yfdbusBtXpDK6ltcWIfIVd6yc&refid=52
Sarah Salem,,2019-05-31,,Kye Bidzinski,https://mbasic.facebook.com/story.php?story_fbid=10157344527433735&id=7177913734&p=170&av=100013685075604&eav=AfYcOL_rQcBiyy0yRsWk84Dh_0NGlzDJQn2duKjp_6yfdbusBtXpDK6ltcWIfIVd6yc&refid=52
Rebecca Neilson,,2019-05-31,1,Zoe Majstorovic,https://mbasic.facebook.com/story.php?story_fbid=10157344527433735&id=7177913734&p=180&av=100013685075604&eav=AfaDA9_WTyiREP3RbyUl7sJKjAJe9L8cqxzlukKB71CbZ-3GCGNS-B0O1NGr_42FgEo&refid=52
Nance Aum,,2019-05-31,,Che Ouyang,https://mbasic.facebook.com/story.php?story_fbid=10157344527433735&id=7177913734&p=180&av=100013685075604&eav=AfaDA9_WTyiREP3RbyUl7sJKjAJe9L8cqxzlukKB71CbZ-3GCGNS-B0O1NGr_42FgEo&refid=52
Andrei Gherman,,2019-05-31,1,Cristina Constantin,https://mbasic.facebook.com/story.php?story_fbid=10157344527433735&id=7177913734&p=180&av=100013685075604&eav=AfaDA9_WTyiREP3RbyUl7sJKjAJe9L8cqxzlukKB71CbZ-3GCGNS-B0O1NGr_42FgEo&refid=52
Chand Yadev,,2019-05-31,1,Sohum Bhatt,https://mbasic.facebook.com/story.php?story_fbid=10157344527433735&id=7177913734&p=180&av=100013685075604&eav=AfaDA9_WTyiREP3RbyUl7sJKjAJe9L8cqxzlukKB71CbZ-3GCGNS-B0O1NGr_42FgEo&refid=52
Marcin Mazurek,,2019-05-31,,Maddie,https://mbasic.facebook.com/story.php?story_fbid=10157344527433735&id=7177913734&p=180&av=100013685075604&eav=AfaDA9_WTyiREP3RbyUl7sJKjAJe9L8cqxzlukKB71CbZ-3GCGNS-B0O1NGr_42FgEo&refid=52
Ginny Carrot,,2019-05-31,,Ffs ü•¥ü•¥ü•¥ Lisa Price,https://mbasic.facebook.com/story.php?story_fbid=10157344527433735&id=7177913734&p=180&av=100013685075604&eav=AfaDA9_WTyiREP3RbyUl7sJKjAJe9L8cqxzlukKB71CbZ-3GCGNS-B0O1NGr_42FgEo&refid=52
Jasmine Joseph,,2019-05-31,1,Kylie Joseph flat cat ü•∞,https://mbasic.facebook.com/story.php?story_fbid=10157344527433735&id=7177913734&p=180&av=100013685075604&eav=AfaDA9_WTyiREP3RbyUl7sJKjAJe9L8cqxzlukKB71CbZ-3GCGNS-B0O1NGr_42FgEo&refid=52
Josh Edmonds,,2019-05-31,,Tianna Edmonds LOOK ST HIM,https://mbasic.facebook.com/story.php?story_fbid=10157344527433735&id=7177913734&p=180&av=100013685075604&eav=AfaDA9_WTyiREP3RbyUl7sJKjAJe9L8cqxzlukKB71CbZ-3GCGNS-B0O1NGr_42FgEo&refid=52
ÈÇ±ÁπºËºù,,"2,Jun,at,21:40",,Â≤≥ÂâáÂùá ÔºàChris YuehÔºâQAQ TOMORROW IS FIRSTDAY....,https://mbasic.facebook.com/story.php?story_fbid=10157344527433735&id=7177913734&p=180&av=100013685075604&eav=AfaDA9_WTyiREP3RbyUl7sJKjAJe9L8cqxzlukKB71CbZ-3GCGNS-B0O1NGr_42FgEo&refid=52
Speth A'Roo,,2019-05-31,1,Carol Higham half term woes,https://mbasic.facebook.com/story.php?story_fbid=10157344527433735&id=7177913734&p=180&av=100013685075604&eav=AfaDA9_WTyiREP3RbyUl7sJKjAJe9L8cqxzlukKB71CbZ-3GCGNS-B0O1NGr_42FgEo&refid=52
Logan Gaastra,ROOT,2019-05-31,,Grace Wammack you,https://mbasic.facebook.com/comment/replies/?ctoken=10157344527433735_10157345413758735&count=1&curr&pc=1&ft_ent_identifier=10157344527433735&gfid=AQA1eCCHNFCde-Bu&refid=52&__tn__=R
Grace Wammack,Logan Gaastra,2019-05-31,,Logan Gaastra This is far more relatable to me than it should be,https://mbasic.facebook.com/comment/replies/?ctoken=10157344527433735_10157345413758735&count=1&curr&pc=1&ft_ent_identifier=10157344527433735&gfid=AQA1eCCHNFCde-Bu&refid=52&__tn__=R
Tiffany Shyu,ROOT,2019-05-31,1,Claire Hawkes SQUISHY BOO,https://mbasic.facebook.com/comment/replies/?ctoken=10157344527433735_10157346428923735&count=1&curr&pc=1&ft_ent_identifier=10157344527433735&gfid=AQCArFFypuaaVClB&refid=52&__tn__=R
Claire Hawkes,Tiffany Shyu,"31,May,at,23:16",,OMG a whole fluffy baby <3,https://mbasic.facebook.com/comment/replies/?ctoken=10157344527433735_10157346428923735&count=1&curr&pc=1&ft_ent_identifier=10157344527433735&gfid=AQCArFFypuaaVClB&refid=52&__tn__=R
Tizzo Lunney,ROOT,2019-05-31,1,Charlotte F. Doran kilteragh kitchen,https://mbasic.facebook.com/comment/replies/?ctoken=10157344527433735_10157344622953735&count=1&curr&pc=1&ft_ent_identifier=10157344527433735&gfid=AQCM9zaiRCIlpTof&refid=52&__tn__=R
Charlotte F. Doran,Tizzo Lunney,2019-05-31,1,Tizzo hahahahaah that kitchen table ‚ù§,https://mbasic.facebook.com/comment/replies/?ctoken=10157344527433735_10157344622953735&count=1&curr&pc=1&ft_ent_identifier=10157344527433735&gfid=AQCM9zaiRCIlpTof&refid=52&__tn__=R
Katie Col√≥n,,2019-05-31,1,Edison Carrera you <3,https://mbasic.facebook.com/story.php?story_fbid=10157344527433735&id=7177913734&p=190&av=100013685075604&eav=AfbPkHgL_u3emNZhk3ZkV0F3fSSUNQ2lJBL2McNBHcdqPGSRDCyNcC1pYn-ktJse7yQ&refid=52
Vegard Fladby,,2019-05-31,,Jesper Stokke Mood,https://mbasic.facebook.com/story.php?story_fbid=10157344527433735&id=7177913734&p=190&av=100013685075604&eav=AfbPkHgL_u3emNZhk3ZkV0F3fSSUNQ2lJBL2McNBHcdqPGSRDCyNcC1pYn-ktJse7yQ&refid=52
Katy Joy,,2019-05-31,,Ellie Nicole accurate,https://mbasic.facebook.com/story.php?story_fbid=10157344527433735&id=7177913734&p=190&av=100013685075604&eav=AfbPkHgL_u3emNZhk3ZkV0F3fSSUNQ2lJBL2McNBHcdqPGSRDCyNcC1pYn-ktJse7yQ&refid=52
Lindsay A Gaydos,,2019-05-31,3,"Susanne, Teresa, Emily and Emily lol",https://mbasic.facebook.com/story.php?story_fbid=10157344527433735&id=7177913734&p=190&av=100013685075604&eav=AfbPkHgL_u3emNZhk3ZkV0F3fSSUNQ2lJBL2McNBHcdqPGSRDCyNcC1pYn-ktJse7yQ&refid=52
Danielle Tingo,,2019-05-31,1,Alecia Marie squish,https://mbasic.facebook.com/story.php?story_fbid=10157344527433735&id=7177913734&p=190&av=100013685075604&eav=AfbPkHgL_u3emNZhk3ZkV0F3fSSUNQ2lJBL2McNBHcdqPGSRDCyNcC1pYn-ktJse7yQ&refid=52
Hazel Rodger,,2019-05-31,1,Peter üò™ x,https://mbasic.facebook.com/story.php?story_fbid=10157344527433735&id=7177913734&p=190&av=100013685075604&eav=AfbPkHgL_u3emNZhk3ZkV0F3fSSUNQ2lJBL2McNBHcdqPGSRDCyNcC1pYn-ktJse7yQ&refid=52
Charlotte McNeice,,2019-05-31,,Lily Pattinson accurate,https://mbasic.facebook.com/story.php?story_fbid=10157344527433735&id=7177913734&p=190&av=100013685075604&eav=AfbPkHgL_u3emNZhk3ZkV0F3fSSUNQ2lJBL2McNBHcdqPGSRDCyNcC1pYn-ktJse7yQ&refid=52
Ashley Chrysler,ROOT,2019-05-31,,Sophie Overington you,https://mbasic.facebook.com/comment/replies/?ctoken=10157344527433735_10157344768628735&count=1&curr&pc=1&ft_ent_identifier=10157344527433735&gfid=AQAetdJZqpBjUwZO&refid=52&__tn__=R
Sophie Overington,Ashley Chrysler,2019-05-31,,Ashley Chrysler me when I woke up this morning,https://mbasic.facebook.com/comment/replies/?ctoken=10157344527433735_10157344768628735&count=1&curr&pc=1&ft_ent_identifier=10157344527433735&gfid=AQAetdJZqpBjUwZO&refid=52&__tn__=R
Adam Tepperpedic,ROOT,2019-05-31,,Rebecca me rn,https://mbasic.facebook.com/comment/replies/?ctoken=10157344527433735_10157344543148735&count=2&curr&pc=1&ft_ent_identifier=10157344527433735&gfid=AQB6xU72kXnyZagS&refid=52&__tn__=R
Rebecca Martinez,Adam Tepperpedic,2019-05-31,,Adam Tepperpedic same,https://mbasic.facebook.com/comment/replies/?ctoken=10157344527433735_10157344543148735&count=2&curr&pc=1&ft_ent_identifier=10157344527433735&gfid=AQB6xU72kXnyZagS&refid=52&__tn__=R
Rebecca Martinez,Adam Tepperpedic,2019-05-31,,Adam Tepperpedic same,https://mbasic.facebook.com/comment/replies/?ctoken=10157344527433735_10157344543148735&count=2&curr&pc=1&ft_ent_identifier=10157344527433735&gfid=AQB6xU72kXnyZagS&refid=52&__tn__=R
Sarah Brotherton,,2019-05-31,1,Lindsey Derrick you this week,https://mbasic.facebook.com/story.php?story_fbid=10157344527433735&id=7177913734&p=200&av=100013685075604&eav=AfZrBpzW9-fZ43H19416qAhH9NEpcDv6_ztwI542Q9XZPPvyYiCz2d9aPk2xvUZgOgc&refid=52
Amanda Borris,,2019-05-31,1,Alex Possemato-Rady same,https://mbasic.facebook.com/story.php?story_fbid=10157344527433735&id=7177913734&p=200&av=100013685075604&eav=AfZrBpzW9-fZ43H19416qAhH9NEpcDv6_ztwI542Q9XZPPvyYiCz2d9aPk2xvUZgOgc&refid=52
Francesco Luciano Della Torre,,2019-05-31,1,Brittney Stevenson yep,https://mbasic.facebook.com/story.php?story_fbid=10157344527433735&id=7177913734&p=200&av=100013685075604&eav=AfZrBpzW9-fZ43H19416qAhH9NEpcDv6_ztwI542Q9XZPPvyYiCz2d9aPk2xvUZgOgc&refid=52
