source,shared_from,date,text,reactions,likes,ahah,love,wow,sigh,grrr,comments,url
Reddit,,"Yesterday,at,02:59",When it feels like you're going on day 10 of a 4-day work week. https://bit.ly/2MiHPqU,13K,1K,272,90,,5,,199 Comments,/story.php?story_fbid=10157344527433735&id=7177913734
Reddit,,"30,May,at,01:09","""In middle school, I told everyone I had an older boyfriend, who also happened to be an Abercrombie model. This was my proof...."" https://bit.ly/2WtIrO1 via r/BlunderYears",735,296,425,8,5,1,,49 Comments,/story.php?story_fbid=10157341748013735&id=7177913734
Reddit,,"30,May,at,05:37",Big shout out to u/elle_ellaria in r/FreeFolk for spearheading this initiative. You can check out the original thread here: https://bit.ly/2YSP4ad,454,372,23,51,5,,3,28 Comments,/story.php?story_fbid=10157341779523735&id=7177913734
Reddit,,"28,May,at,23:25","""Spiderman Suit + 2 Years of Gymnastics + a Strong Willed Daughter = An Always Proud Father."" https://bit.ly/2KfMQgW",23K,18K,47,288,177,,1,86 Comments,/story.php?story_fbid=10157338856998735&id=7177913734
Reddit,,"22,May,at,03:24",The Trinity. Be kind to others; Be kind to animals; Be kind to yourself. https://bit.ly/2WgngyN,16K,12K,5,336,2,44,1,42 Comments,/story.php?story_fbid=10157319299468735&id=7177913734
Reddit,,"23,May,at,00:53","Survey says 'Game of Thrones' fans on Reddit are divided on the show's final outcome. Now that we've all had a few days to reflect, we have to ask, what did you think of it? Ready... set... sound off in the comments below. üëá",132,105,21,2,,2,2,160 Comments,/story.php?story_fbid=10157321911903735&id=7177913734
Reddit,,"24,May,at,01:28","""For fun, I design fake products that solve problems in an unnecessary way. The iDangle is the hands-free way to watch your phone inches from your face in bed."" Take all of our money. https://bit.ly/2EujSXj",462,304,152,5,1,,,80 Comments,/story.php?story_fbid=10157324938068735&id=7177913734
Reddit,,"24,May,at,23:38",,85,71,5,7,2,,,9 Comments,/story.php?story_fbid=10157327572038735&id=7177913734
Reddit,,"18,May,at,00:35",Game of Thrones: Reddit Edition is *chef's kiss*,445,329,89,20,5,1,1,69 Comments,/story.php?story_fbid=10157307083968735&id=7177913734
Reddit,,"13,May,at,23:44",‚ÄúMother's aren't perfect. But we owe them our respect and gratitude for the gifts they have given us.‚Äù,451,300,,106,5,40,,10 Comments,/story.php?story_fbid=10157295962538735&id=7177913734
Reddit,,"15,May,at,01:08","With each episode, season 8 proves to be the most polarizing of the series. USA TODAY breaks down fan opinions of ""The Bells"" by the numbers. What did you think of it?",289,244,27,14,,3,1,157 Comments,/story.php?story_fbid=10157298727403735&id=7177913734
Reddit,,"16,May,at,01:38","A redditor discovered that his little sister wrote a letter to the New Zealand Prime Minister for two (very important) reasons:  1) Request the government make her telekinetic when they are able. 2) Find out what they know about dragons and if they had found any yet, so she could train them.",287,179,72,33,3,,,14 Comments,/story.php?story_fbid=10157301557938735&id=7177913734
Reddit,,"17,May,at,00:06",Watching this Star Wars sphere be made is both mind-blowing and oddly satisfying. https://bit.ly/2Yz4kJo,744,599,,75,70,,,73 Comments,/story.php?story_fbid=10157303996503735&id=7177913734
Reddit,,"11,May,at,23:23","If you're interested in meeting fellow redditors IRL, then Global Reddit Meetup has your name all over it! Read on for more details about this year's event. üëá",44,41,,,2,1,,3 Comments,/story.php?story_fbid=10157287857133735&id=7177913734
Reddit,,"10,May,at,23:41","Take a deep dive into the history of vaccination by tuning into ""Infectious"" on the Endless Thread podcast: smarturl.it/endlessthread",17,15,,,2,,,1 C,/story.php?story_fbid=10157287406788735&id=7177913734
Reddit,,"10,May,at,01:52",What would you do if you were a maid of honor in a wedding and the best man was your cheating ex-fianc√©? This woman took to Reddit to find out. https://bit.ly/2LrsHXP,51,46,,2,3,,,18 Comments,/story.php?story_fbid=10157285029943735&id=7177913734
Reddit,,"9,May,at,00:20",One of our favorite stories shared in r/MadeMeSmile this week. Sharonda Wilson was excited to receive her diploma. There was just one problem: her son was graduating from a different college on the same day. Her son's school surprised her by conferring her degree during his ceremony. https://bit.ly/2vJX5ld,133,88,,41,3,,1,5 Comments,/story.php?story_fbid=10157282180478735&id=7177913734
Reddit,,"8,May,at,05:41",Was that snow in Daenerys's vision in the season 2 finale... or ashes? What are your thoughts on this redditor's 'GoT' theory?,244,211,9,2,20,1,1,81 Comments,/story.php?story_fbid=10157280050963735&id=7177913734
Reddit,,"7,May,at,03:04","Oh, you do the New York Times Crossword? What, like it's hard? https://bit.ly/2H5cvXQ",467,309,148,8,1,,1,37 Comments,/story.php?story_fbid=10157277327528735&id=7177913734
Reddit,,"8,May,at,00:17","Ever wonder how those epic fight scenes in superhero movies are produced? One redditor dug up this unedited clip from Captain America: The Winter Soldier. (Yes, that's really a knife in his hand). https://bit.ly/2JoQkxx",573,464,6,45,57,,1,80 Comments,/story.php?story_fbid=10157279678488735&id=7177913734
Reddit,,"4,May,at,01:36",Lady and the Tramp (1995) https://bit.ly/2VLzb7F,802,490,232,79,,,1,363 Comments,/story.php?story_fbid=10157268361238735&id=7177913734
Reddit,,"2,May,at,00:10","""I've recently acquired this automatic sweeper. No regrets thus far."" https://bit.ly/2IV8tng",448,324,26,97,,,1,55 Comments,/story.php?story_fbid=10157262660253735&id=7177913734
Reddit,,"3,May,at,01:21",Most viewers left Sunday night's episode scratching their head about our favorite Three-Eyed Raven.  One redditor connected the dots to uncover what could be Bran's real intentions.,300,227,34,7,32,,,157 Comments,/story.php?story_fbid=10157265494563735&id=7177913734
Reddit,,"26,April,at,00:18",Today's soft smile brought to you by r/WholesomeMemes. https://bit.ly/2IW4tSn,You and 1.6K others,12K,400,76,3,5,,240 Comments,/story.php?story_fbid=10157245973233735&id=7177913734
Reddit,,"26,April,at,22:53",Dad Appreciation Post via r/MadeMeSmile: https://bit.ly/2UIvUS7,618,418,62,135,2,1,,32 Comments,/story.php?story_fbid=10157248361723735&id=7177913734
Reddit,,"1,May,at,00:00","""I like to design ridiculous & fake products. The Cuisine Curtain is perfect for any conscious eater in public who just can‚Äôt chew with their mouth closed."" Do you know someone who needs this? https://bit.ly/2VEXCDC",15K,831,722,36,2,3,1,421 Comments,/story.php?story_fbid=10157259990533735&id=7177913734
Reddit,,"24,April,at,03:44",All of the information with none of the fluff! If only every baking tutorial was this direct.,137,123,1,7,6,,,13 Comments,/story.php?story_fbid=10157241347313735&id=7177913734
Reddit,,"25,April,at,00:06","The Battle of Winterfell is coming. If you had to choose one of these characters to save, but all the others die, who would you pick?  You'll be shocked at who redditors overwhelmingly voted to defend.",48,44,,2,1,1,,18 Comments,/story.php?story_fbid=10157243420288735&id=7177913734
Reddit,,"13,April,at,00:37","This. Is. So. Cool. Read about the creativity and science behind the project ‚ÄúStone to Thread, Michelangelo‚Äôs David"" shared in r/art.",187,159,1,17,10,,,8 Comments,/story.php?story_fbid=10157207824988735&id=7177913734
Reddit,,"18,April,at,01:07","White Walkers have feelings, too, and other Reddit fan theories to hold you over until Sunday's episode.",156,137,7,3,8,,1,26 Comments,/story.php?story_fbid=10157225480688735&id=7177913734
Reddit,,"5,April,at,01:08","'Us' and Reddit fan theories go together like scissors and fingerless gloves. Proceed with caution, because there are spoilers ahead.",169,155,1,8,5,,,31 Comments,/story.php?story_fbid=10157192265438735&id=7177913734
Reddit,,"11,April,at,01:18","Allure shares everything you wanted to know, but were too afraid to ask about one of our most revered subreddit communities: r/SkincareAddiction.",101,95,,6,,,,13 Comments,/story.php?story_fbid=10157203833013735&id=7177913734
Reddit,,"8,April,at,23:08","We're dedicated to fighting for a free and open internet. That's why, ahead of tomorrow's House Floor vote, we're hosting Members of Congress to discuss the actionable steps that can be taken to restore #NetNeutrality.",147,134,4,7,2,,,9 Comments,/story.php?story_fbid=10157202792758735&id=7177913734
Reddit,,2019-04-02,,157,138,8,11,,,,6 Comments,/reddit/photos/a.10151293207833735/10157184684813735
Reddit,,2019-03-30,,247,211,11,21,2,,2,17 Comments,/reddit/photos/a.10151293207833735/10157179137728735
Reddit,,"31,March,at,07:00",We weren‚Äôt even looking for it‚Ä¶ it was just sitting here under some old android parts.,252,224,18,2,8,,,20 Comments,/story.php?story_fbid=10157177592798735&id=7177913734
Reddit,,"2,April,at,02:00","If you can read this, we need your help. We‚Äôve discovered an Internet Sequencing Machine. Please come this way, and bring gifs.  www.reddit.com/r/Sequence",134,116,6,8,3,1,,10 Comments,/story.php?story_fbid=10157184535148735&id=7177913734
Reddit,,2019-04-02,,983,807,96,68,8,3,1,28 Comments,/reddit/photos/a.468608253734/10157184683793735
Reddit,,"20,March,at,20:25","""Obviously, Redditors‚Äîwho have followed the previous two seasons of this show like it's an actual crime to solve‚Äînoticed this subtle reference. But does it mean anything?"" #TrueDetective sleuthing via Esquire",88,82,1,5,,,,16 Comments,/story.php?story_fbid=10156997577118735&id=7177913734
Reddit,,"28,March,at,00:22","""How Reddit Helped This Author Sell Hundreds Of Books Almost Overnight"" via Forbes",Ashley Wineland and 111 others,98,1,7,6,,,15 Comments,/story.php?story_fbid=10156997568883735&id=7177913734
Reddit,,2019-03-30,,2K,17K,98,163,36,4,5,49 Comments,/reddit/photos/a.468608253734/10157179135723735
Reddit,,"15,March,at,03:23",Enough is enough...ü§£,118,101,17,,,,,14 Comments,/story.php?story_fbid=10156997572053735&id=7177913734
Reddit,,"18,March,at,21:59","""This one‚Äôs part of a pretty complicated mega-theory by #GameOfThrones Redditor MrSilenceT, who‚Äôs constructed a fairly massive post about the whole final season of Thrones...""",150,132,1,4,9,1,3,45 Comments,/story.php?story_fbid=10156997574983735&id=7177913734
Reddit,,"7,March,at,20:21","""How Reddit Helped This Author Sell Hundreds Of Books Almost Overnight"" via Forbes",176,153,5,14,4,,,12 Comments,/story.php?story_fbid=10156997567218735&id=7177913734
Reddit,,"1,March,at,22:22","ICYMI... ""Hi Reddit, we're Jeremy ÔºÜ Rachael, editors at Fodor's Travel. We get paid to wander the world and write about it. Ask us anything!"" ‚úàÔ∏èüå¥‚õ∞Ô∏èüåé #RedditAMA",54,47,,2,4,,1,9 Comments,/story.php?story_fbid=10156997689303735&id=7177913734
Reddit,,"11,March,at,21:23","""An unidentified man recently confessed on Reddit that he accidentally proposed to his girlfriend after taking Ambien..."" üò¨",872,345,473,10,39,4,1,115 Comments,/story.php?story_fbid=10156997570828735&id=7177913734
Reddit,,"5,March,at,01:19",Pizza pro tips! üçï,244,214,13,7,9,,1,90 Comments,/story.php?story_fbid=10156997562468735&id=7177913734
Reddit,,"1,March,at,01:23","""The Key to #GameofThrones Season 8 Might Be Hiding in Jon Snow's Statue From the Teaser"" via @POPSUGAREnt f/t redditor theories... #GoT PopSugar",108,88,14,3,3,,,25 Comments,/story.php?story_fbid=10156995371938735&id=7177913734
Reddit,,"23,February,at,22:17","""How Reddit Helped This Author Sell Hundreds Of Books Almost Overnight"" via Forbes",231,207,4,18,1,,1,15 Comments,/story.php?story_fbid=10156995357413735&id=7177913734
Reddit,,"15,February,at,20:42","""'My buddy Gregg built this handicap accessible snow fort for his daughter' said Daniel Thoms in a Reddit post. Daniel's words resonated with Reddit users, gaining more than 70,000 upvotes in 24 hours..."" üòç via BBC News",329,240,2,84,2,,1,11 Comments,/story.php?story_fbid=10156992541363735&id=7177913734
Reddit,,"20,February,at,23:24",Enough is enough. üòÇ,121,94,24,3,,,,18 Comments,/story.php?story_fbid=10156992639748735&id=7177913734
Reddit,,"17,February,at,21:54","""Obviously, Redditors‚Äîwho have followed the previous two seasons of this show like it's an actual crime to solve‚Äînoticed this subtle reference. But does it mean anything?"" #TrueDetective sleuthing via Esquire",134,122,,7,5,,,17 Comments,/story.php?story_fbid=10156992573498735&id=7177913734
Reddit,,"26,February,at,02:19","""This one‚Äôs part of a pretty complicated mega-theory by #GameOfThrones Redditor MrSilenceT, who‚Äôs constructed a fairly massive post about the whole final season of Thrones..."" More #GOT via Yahoo",121,110,3,6,2,,,28 Comments,/story.php?story_fbid=10156995364043735&id=7177913734
Reddit,,"14,February,at,01:56","From trends to the latest gadget launches, tech has always been a popular topic on Reddit. For insights on the variety of topics, depth of discussion & highly-engaged communities drive technology conversations on Reddit, check out our latest blog. üë©‚Äçüíªüíªüì±üë®‚Äçüíª",26,26,,,,,,2 Comments,/story.php?story_fbid=10156972933963735&id=7177913734
Reddit,,"8,February,at,05:25","""The Key to #GameofThrones Season 8 Might Be Hiding in Jon Snow's Statue From the Teaser"" via @POPSUGAREnt f/t redditor theories... #GoT PopSugar",136,114,12,2,6,2,,26 Comments,/story.php?story_fbid=10156995375588735&id=7177913734
Reddit,,"12,February,at,04:04",,44,37,3,3,,,1,21 Comments,/story.php?story_fbid=10156970731123735&id=7177913734
Reddit,,"4,February,at,23:45","""This one‚Äôs part of a pretty complicated mega-theory by #GameOfThrones Redditor MrSilenceT, who‚Äôs constructed a fairly massive post about the whole final season of Thrones..."" More #GOT Yahoo",109,93,9,5,2,,,18 Comments,/story.php?story_fbid=10156995367478735&id=7177913734
Reddit,,"6,February,at,03:55",üíÑüëÄüíá‚Äç‚ôÄÔ∏è,118,82,11,4,1,1,19,31 Comments,/story.php?story_fbid=10156970723203735&id=7177913734
Reddit,,"1,February,at,05:19",This before-and-after sun damage photo is going viral on Reddit via Cosmopolitan,170,139,12,2,9,1,7,67 Comments,/story.php?story_fbid=10156894802283735&id=7177913734
Reddit,,"2,February,at,22:41",Women of Reddit share all... Men's Health,127,85,35,2,1,1,3,66 Comments,/story.php?story_fbid=10156970698993735&id=7177913734
Reddit,,"4,February,at,01:26","""This Woman‚Äôs Skin Is Going Viral on Reddit for Looking So Damn Smooth"" via Cosmopolitan",347,258,29,42,11,,7,113 Comments,/story.php?story_fbid=10156995377933735&id=7177913734
Reddit,,"29,January,at,22:57","""A disturbing new AskReddit thread attempts to lift the veil on some of the most popular fast-food orders."" More via Food & Wine",168,150,10,5,3,,,27 Comments,/story.php?story_fbid=10156894760193735&id=7177913734
Reddit,,"2,February,at,01:10",Pizza pro tips! üçï,379,337,17,19,2,,4,131 Comments,/story.php?story_fbid=10156970684688735&id=7177913734
Reddit,,"24,January,at,23:33",Redditor's American Horror Story fan theories.,59,49,3,5,2,,,17 Comments,/story.php?story_fbid=10156825076353735&id=7177913734
Reddit,,"28,January,at,01:13",via r/mildlyinteresting,446,359,64,10,9,3,1,23 Comments,/story.php?story_fbid=10156875373018735&id=7177913734
Reddit,,"25,January,at,20:45",,640,566,46,19,9,,,64 Comments,/story.php?story_fbid=10156970705698735&id=7177913734
Reddit,,"24,January,at,03:42",Redditors share all... Men's Health,165,121,37,5,,1,1,62 Comments,/story.php?story_fbid=10156970700733735&id=7177913734
Reddit,,"23,January,at,02:11","""As of November 2018, Reddit also hit 153 million total posts, 1.2 billion comments, 27 billion total votes, 330 million monthly active users, nearly 150,000 active communities and 14 billion page views per month."" More via Forbes",76,69,3,2,1,1,,6 Comments,/story.php?story_fbid=10156894788513735&id=7177913734
Reddit,,"21,January,at,19:28","Reddit by-the-numbers, as of November 2018: ‚úÖ153 million posts to Reddit ‚úÖ1.2 billion comments (and counting!) ‚úÖ27 billion votes More in our #BestofReddit Year in Review report:",45,41,,4,,,,2 Comments,/story.php?story_fbid=10156877879288735&id=7177913734
Reddit,,"18,January,at,19:35",Feel-good Friday...,50,45,,5,,,,8 Comments,/story.php?story_fbid=10156997722183735&id=7177913734
Reddit,,"19,January,at,02:59","""This seems like it could potentially be an easter-egg indicating that Jon's the only one who survives, and obviously Reddit is doing what it does best: using its detective skills to prove/disprove this theory..."" Game of Thrones season 7 theories via Cosmopolitan.",169,146,7,4,12,,,34 Comments,/story.php?story_fbid=10156992459353735&id=7177913734
Reddit,,"20,January,at,01:19","Every day, users upload more than 400,000 hours of video to the service, which is up 38% from the beginning of the year. More via Variety",192,171,5,13,3,,,9 Comments,/story.php?story_fbid=10156877854893735&id=7177913734
Reddit,,"21,January,at,01:33",Reddit Asks: What Things Used To Be Common In Movies That You Just Don‚Äôt See Anymore?,199,186,4,2,2,,5,79 Comments,/story.php?story_fbid=10156970680058735&id=7177913734
Reddit,,"14,January,at,22:25","""In May, a high school student posted an audio clip on Instagram and Reddit, asking: Do you hear ‚ÄúYanny‚Äù or ‚ÄúLaurel‚Äù? The question rapidly became an international obsession..."" Five Times the Internet Was Actually Fun in 2018 via The New York Times",49,42,4,3,,,,4 Comments,/story.php?story_fbid=10156970663898735&id=7177913734
Reddit,,"15,January,at,05:34","""Hey Canada, THANK YOU!! This was in the hallway of New York Center (ZNY) today. Canadian air traffic controllers bought dinner for FAA air traffic controllers last night... in an effort to show their support during the US government shutdown."" üçÅ‚ô•Ô∏èüá®üá¶",574,447,1,121,5,,,16 Comments,/story.php?story_fbid=10156989653658735&id=7177913734
Reddit,,"18,January,at,03:57",Including popular Reddit theories such as the #BirdBox creature being an amalgamation of ideas... üò± via IGN,67,60,3,2,2,,,10 Comments,/story.php?story_fbid=10156978598418735&id=7177913734
Reddit,,"16,January,at,22:45","Eraser or... Forbidden bubble gum? via r/ForbiddenSnacks, for all of those things you've always wanted to eat, but you know you can't.",173,122,41,2,6,2,,11 Comments,/story.php?story_fbid=10156875371238735&id=7177913734
Reddit,,"15,January,at,23:53",45 of the most upvoted products on Reddit that you can get on Amazon.com via Bustle,221,194,22,5,,,,18 Comments,/story.php?story_fbid=10156885953723735&id=7177913734
Reddit,,"11,January,at,19:30","""Reddit, among other message boards, offers D.I.Y. white-noise hacks for light sleepers... Rough up the blades of a box fan with a box cutter..."" The Sound of Silence via The New York Times",46,45,,1,,,,2 Comments,/story.php?story_fbid=10156970675318735&id=7177913734
Reddit,,"12,January,at,22:09","""8 Reddit Relationship Stories That Are Almost Too Crazy to Believe"" via Men's Health",61,49,10,1,1,,,13 Comments,/story.php?story_fbid=10156825073923735&id=7177913734
Reddit,,"14,January,at,05:38",Do you really want fries with that? Redditors tell all... via Food & Wine,121,108,6,,5,2,,21 Comments,/story.php?story_fbid=10156970691163735&id=7177913734
Reddit,,"10,January,at,22:15","""Winter has arrived for Game of Thrones Reddit domination."" In Reddit's top television programs of 2018, RuPaul's Drag Race  leads the charge... More #BestofReddit via Entertainment Weekly:",201,132,36,23,5,1,4,45 Comments,/story.php?story_fbid=10156877847158735&id=7177913734
Reddit,,"9,January,at,20:59",H/T to redditors via Food & Wine,216,189,16,4,5,1,1,41 Comments,/story.php?story_fbid=10156894763518735&id=7177913734
Reddit,,"9,January,at,03:56","From trends to the latest gadget launches, tech has always been a popular topic on Reddit. For insights on the variety of topics, depth of discussion & highly-engaged communities drive technology conversations on Reddit, check out our latest blog.üë©‚Äçüíªüíªüì±üë®‚Äçüíª",23,21,,2,,,,1 C,/story.php?story_fbid=10156972932893735&id=7177913734
Reddit,,"9,January,at,00:26","""In May, a high school student posted an audio clip on Instagram and Reddit, asking: Do you hear ‚ÄúYanny‚Äù or ‚ÄúLaurel‚Äù? The question rapidly became an international obsession..."" Five Times the Internet Was Actually Fun in 2018 via The New York Times",50,48,2,,,,,1 C,/story.php?story_fbid=10156970666083735&id=7177913734
Reddit,,"5,January,at,00:12",Where in the world.....?,95,88,,6,,,1,3 Comments,/story.php?story_fbid=10156875370223735&id=7177913734
Reddit,,"6,January,at,22:46","""LiveJournal launched in 1999, as did MakeupAlley, one of the first online message boards dedicated to makeup reviews. Reddit, now arguably ground zero for any serious beauty holy grail researcher, came on the scene in 2005."" via Vox",29,25,,3,,,1,4 Comments,/story.php?story_fbid=10156900415498735&id=7177913734
Reddit,,"7,January,at,23:55",Oddly satisfying.,239,220,1,8,3,,7,7 Comments,/story.php?story_fbid=10156875371923735&id=7177913734
Reddit,,"3,January,at,00:44",Reddit 101 via The Daily Dot,59,48,8,2,,,1,14 Comments,/story.php?story_fbid=10156836981898735&id=7177913734
Reddit,,"1,January,at,05:06","Time to get the party started? r/90sHipHop's trending tracks of 2018, curated for in our YouTube Music playlist. Give it a listen! üéâüéß",47,46,1,,,,,7 Comments,/story.php?story_fbid=10156900685868735&id=7177913734
Reddit,,"29,December,2018,at,22:43","""Some of the most earnest corners of Reddit are the small pockets of home cooks sharing their bubbling excitement over juicy steaks and jiggly eggs.""",59,58,1,,,,,5 Comments,/story.php?story_fbid=10156820452678735&id=7177913734
Reddit,,"1,January,at,21:20",Take a look back at 2018 with Reddit's Year in Review. #BestofReddit,66,64,,2,,,,1 C,/story.php?story_fbid=10156877856803735&id=7177913734
Reddit,,"3,January,at,22:19",This before-and-after sun damage photo is going viral on Reddit via Cosmopolitan,207,135,8,4,18,1,41,68 Comments,/story.php?story_fbid=10156894800268735&id=7177913734
Reddit,,"25,December,2018,at,21:19","Not trying to ruin Christmas or anything, but... üòÇ",183,148,24,1,10,,,10 Comments,/story.php?story_fbid=10156854263473735&id=7177913734
Reddit,,"27,December,2018,at,06:11",WOW OKAY Switzerland... Show off...,983,794,9,122,57,1,,42 Comments,/story.php?story_fbid=10156875368843735&id=7177913734
Reddit,,"28,December,2018,at,22:13","""Winter has arrived for Game of Thrones Reddit domination."" In Reddit's top television programs of 2018, RuPaul's Drag Race  leads the charge... More #BestofReddit via Entertainment Weekly:",335,236,39,46,4,5,5,62 Comments,/story.php?story_fbid=10156877842403735&id=7177913734
Reddit,,"24,December,2018,at,22:04",TFW Nintendo releases Super Smash Bros. Ultimate sans instruction manual. and a redditor designs their own. It's 52 pages and covers the basics and the esoteric systems of the deceptively simple fighting game.,304,274,2,25,2,1,,25 Comments,/story.php?story_fbid=10156886374658735&id=7177913734
Reddit,,"28,December,2018,at,03:45",Post to Reddit like a pro via The Daily Dot,38,30,8,,,,,13 Comments,/story.php?story_fbid=10156836983333735&id=7177913734
Reddit,,"23,December,2018,at,23:44","""One way to quantify the ups and downs of a fan base is to look at how active they are: After all, the only fans worse than angry fans are uninterested ones. To help with that, we have Reddit..."" üèÄ",49,46,,2,1,,,3 Comments,/story.php?story_fbid=10156866124443735&id=7177913734
Reddit,,"21,December,2018,at,18:10",Walking in a winter wonderland...‚ùÑÔ∏èüéµ Happy #wintersolstice! Any guesses as to where this photo was taken?,109,87,,16,5,,1,9 Comments,/story.php?story_fbid=10156875367508735&id=7177913734
Reddit,,"21,December,2018,at,02:45","""LiveJournal launched in 1999, as did MakeupAlley, one of the first online message boards dedicated to makeup reviews. Reddit, now arguably ground zero for any serious beauty holy grail researcher, came on the scene in 2005."" via Vox",13,13,,,,,,2 Comments,/story.php?story_fbid=10156900413033735&id=7177913734
Reddit,,"20,December,2018,at,20:32",üòÇ,50,39,11,,,,,1 C,/story.php?story_fbid=10156836714933735&id=7177913734
Reddit,,"22,December,2018,at,22:35",WARNING: The Good Place spoilers ahead.,202,176,2,5,15,,4,32 Comments,/story.php?story_fbid=10156865965268735&id=7177913734
Reddit,,"19,December,2018,at,21:42",Do you have anything to add? via BuzzFeed,49,26,16,,,1,6,13 Comments,/story.php?story_fbid=10156854315248735&id=7177913734
Reddit,,"18,December,2018,at,02:30","""What started out as a fun way to make a stranger's day special has exploded into a lucrative business...""üéÅ CNBC on how Reddit Gifts allowed one redditor to quit his job and turn his elaborate #RedditSecretSanta scavenger hunts into a full-time business:",193,177,,10,6,,,16 Comments,/story.php?story_fbid=10156913641213735&id=7177913734
Reddit,,"18,December,2018,at,21:18","""Every day, users upload more than 400,000 hours of video to the service, which is up 38% from the beginning of the year."" More via Variety",156,140,,9,7,,,9 Comments,/story.php?story_fbid=10156877852908735&id=7177913734
Reddit,,"19,December,2018,at,03:49","On a scale of 1 to 10, getting Weezer for #RedditSecretSanta has to be an 11, right? üéÅü§ò ""Welp, I won the Secret Santa lottery. Santa brought me a guitar signed by Weezer, the Blue album on vinyl, and the iconic lightning bolt strap. HAIL RIVERS!!!""",275,219,1,16,39,,,18 Comments,/story.php?story_fbid=10156916292613735&id=7177913734
Reddit,,"19,December,2018,at,03:31","""Entire text history with my GF, from first swipe on Bumble until today [OC]"" via r/dataisbeautiful:",399,327,30,39,3,,,19 Comments,/story.php?story_fbid=10156913669213735&id=7177913734
Reddit,,"16,December,2018,at,00:34",LOLz,164,152,9,1,,,2,18 Comments,/story.php?story_fbid=10156854715268735&id=7177913734
Reddit,,"17,December,2018,at,03:45",Redditors investigate... The Good Place,190,157,4,11,17,,1,39 Comments,/story.php?story_fbid=10156866126658735&id=7177913734
Reddit,,"17,December,2018,at,22:55",Best of Reddit's latest Game of Thrones fan theories via Inverse.,79,72,1,3,3,,,10 Comments,/story.php?story_fbid=10156854343353735&id=7177913734
Reddit,,"14,December,2018,at,20:47",Beauty #ProTip: Get on Reddit.,34,29,,2,,,3,6 Comments,/story.php?story_fbid=10156836985653735&id=7177913734
Reddit,,"14,December,2018,at,02:37",Paging World of Warcraft fans...,39,30,8,1,,,,6 Comments,/story.php?story_fbid=10156902950008735&id=7177913734
Reddit,,"11,December,2018,at,07:11","""As of November 2018, Reddit also hit 153 million total posts, 1.2 billion comments, 27 billion total votes, 330 million monthly active users, nearly 150,000 active communities and 14 billion page views per month."" More via Forbes",97,85,1,7,4,,,5 Comments,/story.php?story_fbid=10156894786668735&id=7177913734
Reddit,,"12,December,2018,at,01:54","""The Most Legendary Reddit Threads"" according to Complex",155,143,4,8,,,,26 Comments,/story.php?story_fbid=10156854339058735&id=7177913734
Reddit,,"13,December,2018,at,02:01","""They Did Surgery on a Grape: Dank Meme Spreads on Reddit""",142,89,26,2,2,20,3,30 Comments,/story.php?story_fbid=10156854723443735&id=7177913734
Reddit,,"11,December,2018,at,01:44",üòÇ LOL üòÇ,112,70,40,1,,,1,8 Comments,/story.php?story_fbid=10156854316948735&id=7177913734
Reddit,,"14,December,2018,at,00:55",Need a last-minute gift idea? 45 of the most upvoted products on Reddit that you can get on Amazon.com via Bustle,110,94,8,8,,,,18 Comments,/story.php?story_fbid=10156885957673735&id=7177913734
Reddit,,"8,December,2018,at,03:44",Can't catch 'em all?,17,13,2,2,,,,C,/story.php?story_fbid=10156885933843735&id=7177913734
Reddit,,"9,December,2018,at,20:44",Gift ideas for the skincare-obsessed via New York Magazine,30,21,2,6,,1,,3 Comments,/story.php?story_fbid=10156854318463735&id=7177913734
Reddit,,"6,December,2018,at,23:02",More from the #BestofReddit in our Year in Review: https://redditblog.com/2018/12/04/reddit-year-in-review-2018/,43,38,,5,,,,2 Comments,/story.php?story_fbid=10156880636858735&id=7177913734
Reddit,,"8,December,2018,at,22:16",Coolest kids in town...,146,120,,19,6,,1,15 Comments,/story.php?story_fbid=10156854257928735&id=7177913734
Reddit,,"7,December,2018,at,18:23","""This time of year, there are recaps and best-ofs a-plenty, including our very own Reddit Year in Review, which kicks off the annual, community-led Best of Reddit campaign. We‚Äôll dive in to everything from top threads to what‚Äôs up with Thanos, as well as a look at what‚Äôs on-deck for the year ahead!"" More in our Year in Review report. #BestofReddit",9,9,,,,,,3 Comments,/story.php?story_fbid=10156877861813735&id=7177913734
Reddit,,"5,December,2018,at,19:17","""Winter has arrived for Game of Thrones Reddit domination."" In Reddit's top television programs of 2018, RuPaul's Drag Race  leads the charge... More #BestofReddit via Entertainment Weekly.",273,175,47,36,8,3,4,56 Comments,/story.php?story_fbid=10156877850393735&id=7177913734
Reddit,,"4,December,2018,at,05:21",Paging Captain Marvel...,52,46,,5,1,,,1 C,/story.php?story_fbid=10156874822703735&id=7177913734
Reddit,,"5,December,2018,at,06:29","Reddit by-the-numbers, as of November 2018: ‚úÖ153 million posts to Reddit ‚úÖ1.2 billion comments (and counting!) ‚úÖ27 billion votes More in our #BestofReddit Year in Review report",15,13,,2,,,,1 C,/story.php?story_fbid=10156877887208735&id=7177913734
Reddit,,"3,December,2018,at,22:14","""A recent Reddit thread asked the question, 'what is your accidentally caught your spouse cheating horror story?' Needless to say people were ready and willing to share their stories. Here are a few good ones..."" via BuzzFeed",135,99,17,1,11,5,2,36 Comments,/story.php?story_fbid=10156737941923735&id=7177913734
"Reddit,Star Hub Professional",,"4,December,2018,at,21:14",‚Ä™üí• It‚Äôs here! üí•‚Ä¨ ‚Ä™Reddit‚Äôs Year in Review: 2018 #BestofRedditInscr√≠bete ya al curso de Abril.  #Reynosa #DigitalMarketing #RedesSociales #SocialMedia #Tamaulipas   üìãüëìüìäüì≤ @starhubpro,199,183,1,9,,,6,61 Comments,/story.php?story_fbid=10156876969498735&id=7177913734
Reddit,,"3,December,2018,at,00:52",Will redditors be satisfied with part 2? via BuzzFeed,18,17,1,,,,,4 Comments,/story.php?story_fbid=10156737910468735&id=7177913734
Reddit,,"1,December,2018,at,22:08",Weed and engineering come together in this hack-filled subreddit... via Lifehacker,90,77,10,3,,,,8 Comments,/story.php?story_fbid=10156803913928735&id=7177913734
Reddit,,"30,November,2018,at,22:12","""These fiction-based theories, many of which are developed on Reddit, are a vibrant part of modern fandom, and journalists recognize the appeal, traffic value, and occasional narrative insights these theories provide...""",25,22,2,1,,,,2 Comments,/story.php?story_fbid=10156762184978735&id=7177913734
Reddit,,"29,November,2018,at,20:17","#TBT to ""Redditsgiving.""",102,91,,9,2,,,3 Comments,/story.php?story_fbid=10156854670118735&id=7177913734
Reddit,,"29,November,2018,at,03:27",Hmm...ü§î,222,179,31,8,,3,1,18 Comments,/story.php?story_fbid=10156769686883735&id=7177913734
Reddit,,"27,November,2018,at,01:39","""We‚Äôre Frank Langfitt, an international correspondent for @NPR currently based in London, and Sam Alwyine-Mosely, a London-based radio producer who works with Frank. Ask us anything about #Brexit."" #RedditAMA",11,11,,,,,,3 Comments,/story.php?story_fbid=10156854331408735&id=7177913734
Reddit,,"24,November,2018,at,22:44","""...trust me when I say you don't need to spend a ton of money to find a subtle formula that flatters your skin tone; you just need some Reddit reviews and a little bit of faith."" - Marie Claire",34,27,3,1,,,3,9 Comments,/story.php?story_fbid=10156771782238735&id=7177913734
Reddit,,"27,November,2018,at,00:43",Sign up for Reddit Gifts and check out our Google Store Holiday Gift Guide.,28,25,,,,,3,3 Comments,/story.php?story_fbid=10156825119583735&id=7177913734
Reddit,,"28,November,2018,at,05:37",An easy trick that makes foundation last for hours featuring  redditor #protips via Glamour,61,51,3,,7,,,21 Comments,/story.php?story_fbid=10156737882843735&id=7177913734
Reddit,,"25,November,2018,at,22:04",Does it though? The Daily Dot,74,56,14,4,,,,15 Comments,/story.php?story_fbid=10156771785568735&id=7177913734
Reddit,,"24,November,2018,at,01:30","Our partnership with Patreon aims to help creators start and build their communities on Reddit, turn Reddit users into fans and provide another way for fans to support the creators they love. More:",46,39,,4,2,1,,2 Comments,/story.php?story_fbid=10156771429713735&id=7177913734
Reddit,,"21,November,2018,at,20:38","""The thought of asking anyone on the internet to hurl vicious insults at me is inconceivable. But for Redditors posting in r/RoastMe, asking to be insulted is the name of the game."" More via Mashable.",47,41,5,,,1,,3 Comments,/story.php?story_fbid=10156771774368735&id=7177913734
Reddit,,"19,November,2018,at,20:46",Sign-up for Reddit Gifts and join us in celebrating our 10th annual #RedditSecretSanta! üéÖüéÅ https://www.redditgifts.com/exchanges/manage/#/exchange/secret-santa-2018/,45,42,1,2,,,,6 Comments,/story.php?story_fbid=10156794040703735&id=7177913734
Reddit,,"19,November,2018,at,00:33","""The subreddit r/AskHistorians has nothing but soothing facts, stories, and explanations"" via Outline",134,121,2,9,2,,,9 Comments,/story.php?story_fbid=10156761996873735&id=7177913734
Reddit,,"17,November,2018,at,21:50",Redditors spotted a Tonymoly collab with Samyang on a spicy ramen-inspired beauty collection... Noodles included. Yup. More via Allure:,119,86,20,7,6,,,50 Comments,/story.php?story_fbid=10156700747723735&id=7177913734
Reddit,,"15,November,2018,at,00:24",From cuddles to counting - PTSD coping strategies shared by redditors via BBC Trending,66,53,,10,,3,,2 Comments,/story.php?story_fbid=10156737960443735&id=7177913734
Reddit,,"17,November,2018,at,03:12","""We've known each other for 6 years and finally met in person brought together by d3, so we decided to get class crests to commemorate our time together before I leave for Afghanistan."" Diablo",531,453,5,59,14,,,47 Comments,/story.php?story_fbid=10156829193568735&id=7177913734
Reddit,,"14,November,2018,at,05:20","""The heartbreaking video drew the attention of Reddit, where it got more than 80,000 upvotes. Redditors quickly began to offer help, with some saying they would be happy to donate their own Lego sets to help him rebuild his collection..."" via Mashable",13K,825,13,162,15,327,6,71 Comments,/story.php?story_fbid=10156737952793735&id=7177913734
Reddit,,"15,November,2018,at,22:29","""Reddit user randomusefulbits shared their own hack for reducing thawing time for ground meat, and we're honestly shocked we didn't think of this ourselves.""",108,95,5,2,1,,5,27 Comments,/story.php?story_fbid=10156737966238735&id=7177913734
Reddit,,"12,November,2018,at,22:50",Join Reddit Gifts for our 10th annual #RedditSecretSanta! Sign up here: https://www.redditgifts.com/exchanges/manage/#/exchange/secret-santa-2018/,63,56,,7,,,,7 Comments,/story.php?story_fbid=10156794047818735&id=7177913734
Reddit,,"16,November,2018,at,20:03","ICYMI last month... ""I am Catherine Hardwicke, director of The Twilight Saga celebrating its 10th anniversary with a new 4K release on October 23rd..."" #RedditAMA:",68,39,21,1,1,,6,29 Comments,/story.php?story_fbid=10156745263803735&id=7177913734
Reddit,,"13,November,2018,at,02:25","RIP #StanLee, Marvel comic writer and film producer, known for co-creating iconic superheroes such as Spider-Man, the Hulk, X-Men and Black Panther.",1K,361,1,36,6,670,4,33 Comments,/story.php?story_fbid=10156820433978735&id=7177913734
Reddit,,"9,November,2018,at,21:53",Hmm...,63,32,15,,4,8,4,14 Comments,/story.php?story_fbid=10156737912193735&id=7177913734
Reddit,,"11,November,2018,at,03:03","""Reddit groups might help, while Instagram influencers could set unrealistic expectations. So is it ever useful to turn to social media for diet advice?"" via BBC Trending",33,31,2,,,,,8 Comments,/story.php?story_fbid=10156737927003735&id=7177913734
Reddit,,"11,November,2018,at,22:13",Huge mystery bird identified...,409,349,2,37,21,,,21 Comments,/story.php?story_fbid=10156737939408735&id=7177913734
Reddit,,"8,November,2018,at,02:57",It's that time of year again. Reddit Gifts is turning 10 and we're partnering with Google Store to make it truly special. Sign up and check out the Google Store Holiday Gift Guide. üéÅ,55,47,,2,6,,,2 Comments,/story.php?story_fbid=10156808527088735&id=7177913734
Reddit,,"7,November,2018,at,01:42",It‚Äôs #ElectionDay 2018 and Reddit has compiled some resources to help you #BeAVoter.,28,28,,,,,,3 Comments,/story.php?story_fbid=10156806060178735&id=7177913734
Reddit,,"9,November,2018,at,06:18","""The heartbreaking video drew the attention of Reddit, where it got more than 80,000 upvotes. Redditors quickly began to offer help, with some saying they would be happy to donate their own Lego sets to help him rebuild his collection...""",18K,11K,9,219,24,461,10,117 Comments,/story.php?story_fbid=10156737947173735&id=7177913734
Reddit,,"1,November,2018,at,18:30",#TBT to The Boston Globe's #RedditAMA with the Globe Spotlight Team.,14,14,,,,,,2 Comments,/story.php?story_fbid=10156737863433735&id=7177913734
Reddit,,"3,November,2018,at,21:12",What the Reddit community really thinks about top VPNs via Mashable,70,65,2,3,,,,3 Comments,/story.php?story_fbid=10156737893413735&id=7177913734
Reddit,,"5,November,2018,at,22:49",Redditors FTW,711,570,79,60,2,,,235 Comments,/story.php?story_fbid=10156737907268735&id=7177913734
Reddit,,"5,November,2018,at,02:01",r/SharedBPM is a subreddit dedicated to videos about two or more songs that share the same BPM (beats per minute),81,70,,3,8,,,10 Comments,/story.php?story_fbid=10156737901688735&id=7177913734
Reddit,,"2,November,2018,at,18:54","Take THIS to your grave, Fall Out Boy fans...",61,46,13,2,,,,9 Comments,/story.php?story_fbid=10156791522033735&id=7177913734
Reddit,,"2,November,2018,at,02:19",What does your fridge say about you? via The New Yorker,48,41,5,,2,,,9 Comments,/story.php?story_fbid=10156786625863735&id=7177913734
Reddit,,"1,November,2018,at,04:36","Redditor photoshop battle, Halloween-meets-Thanos style",85,62,19,3,1,,,3 Comments,/story.php?story_fbid=10156762003058735&id=7177913734
Reddit,,"30,October,2018,at,21:03",A Beginner‚Äôs Guide to Reddit via App Store,9,8,,1,,,,C,/story.php?story_fbid=10156687890623735&id=7177913734
Reddit,,"31,October,2018,at,20:10",Happy #Halloween! Help solve these 8 creepy unsolved murder mysteries that even the Internet can't? via Inverse,70,60,5,3,1,1,,4 Comments,/story.php?story_fbid=10156688215258735&id=7177913734
Reddit,,"30,October,2018,at,00:58",The stuff of #Halloween nightmares...,84,66,5,4,8,1,,4 Comments,/story.php?story_fbid=10156786457898735&id=7177913734
Reddit,,"29,October,2018,at,21:12","Best of beauty on Reddit, with community insights and more on our blog:",12,11,,1,,,,2 Comments,/story.php?story_fbid=10156700760808735&id=7177913734
Reddit,,"28,October,2018,at,22:33","r/Pokemon celebrating ""inktober"" by getting into the Halloween spirit and sharing Pok√©mon fan art on Reddit.",10,9,,1,,,,C,/story.php?story_fbid=10156737975528735&id=7177913734
Reddit,,"27,October,2018,at,02:05",r/MaleFashionAdvice via Men's Health,20,20,,,,,,2 Comments,/story.php?story_fbid=10156688207953735&id=7177913734
Reddit,,"27,October,2018,at,19:18","""People Are Sharing Embarrassing Childhood Stories That Still Haunt Them On Reddit And, Honestly, LOL"" via BuzzFeed",38,35,3,,,,,8 Comments,/story.php?story_fbid=10156742905678735&id=7177913734
Reddit,,"25,October,2018,at,21:41","Looking for a clever couple's costume for #Halloween? Look no further, a redditor posted their filter/no filter idea and it's a game-changer. via Mashable",59,39,19,1,,,,6 Comments,/story.php?story_fbid=10156745235003735&id=7177913734
Reddit,,"24,October,2018,at,19:34",#Halloween make up inspo courtesy of r/MakeupAddiction. üñ§üëΩ‚úåüèºüåå,29,22,,7,,,,3 Comments,/story.php?story_fbid=10156771435178735&id=7177913734
Reddit,,"25,October,2018,at,02:03",A Beginner‚Äôs Guide to Reddit via App Store,13,10,,2,,1,,7 Comments,/story.php?story_fbid=10156687890028735&id=7177913734
Reddit,,"24,October,2018,at,00:31","Today, we're excited to announce our partnership with Patreon. The integration aims to help creators start and build their communities on Reddit, turn Reddit users into fans and provide another way for fans to support the creators they love. More:",95,75,1,3,1,2,13,14 Comments,/story.php?story_fbid=10156771431763735&id=7177913734
Reddit,,"24,October,2018,at,04:39","""I made a velvet dress with LEDs to look like the night sky...""",108,92,,8,8,,,8 Comments,/story.php?story_fbid=10156769262903735&id=7177913734
Reddit,,"23,October,2018,at,19:12","""Cole Sprouse Spills His Favorite Riverdale Fan Theory in a Surprise #RedditAMA"" via Marie Claire",43,36,5,2,,,,7 Comments,/story.php?story_fbid=10156737875633735&id=7177913734
Reddit,,"23,October,2018,at,01:27","""My kid wanted to be Luigi from the Haunted mansion game. The only difference between regular Luigi and Haunted Mansion Luigi was the ghost pack."" üëªüéÉ",61,52,5,4,,,,3 Comments,/story.php?story_fbid=10156769260828735&id=7177913734
Reddit,,"21,October,2018,at,22:56",Community insights around Football on Reddit.,18,17,,1,,,,3 Comments,/story.php?story_fbid=10156700759513735&id=7177913734
Reddit,,"22,October,2018,at,21:10",Just in time for #Halloween... Help solve these 8 creepy unsolved murder mysteries that even the Internet can't? via Inverse,59,51,1,3,4,,,6 Comments,/story.php?story_fbid=10156688214778735&id=7177913734
Reddit,,"22,October,2018,at,04:06",This week in r/ShowerThoughts...,14K,919,467,33,1,,,57 Comments,/story.php?story_fbid=10156762169843735&id=7177913734
Reddit,,"20,October,2018,at,00:42",Extra Life is Coming! Join us November 3rd and help raise money for children's hospitals.,32,28,2,2,,,,3 Comments,/story.php?story_fbid=10156761748983735&id=7177913734
Reddit,,"19,October,2018,at,02:06","#TBT to redditor Christine McConnell's DIY or Die... Check out the creepy creations in her Netflix show ""The Curious Creations of Christine McConnell"" just in time for #Halloween. üëªüéÉ",33,29,1,3,,,,1 C,/story.php?story_fbid=10156752845508735&id=7177913734
Reddit,,"20,October,2018,at,20:24","Spotlight on r/OnionHate, a community of people who despise onions.",136,76,41,12,1,1,5,36 Comments,/story.php?story_fbid=10156720187518735&id=7177913734
Reddit,,"19,October,2018,at,21:23",Redditors' pumpkin-flavored pro tips via Refinery29.,7,6,,,1,,,3 Comments,/story.php?story_fbid=10156700756558735&id=7177913734
Reddit,,"17,October,2018,at,22:55",Really?,25,18,3,,1,2,1,13 Comments,/story.php?story_fbid=10156737917158735&id=7177913734
Reddit,,"18,October,2018,at,18:52","""A new Infinity War theory emerged on the r/FanTheories subreddit from redditor Riobhain that specifically analyzes the significance of Star-Lord‚Äôs seemingly irrational behavior."" More via Inverse",121,107,5,3,6,,,13 Comments,/story.php?story_fbid=10156700750643735&id=7177913734
Reddit,,"17,October,2018,at,04:42",Calling all üåä Waterbenders üóø earthbenders üî• firebenders üí® airbenders This subreddit is for you...,47,39,3,5,,,,10 Comments,/story.php?story_fbid=10156755286533735&id=7177913734
Reddit,,"16,October,2018,at,02:32",Challenge & proposal accepted. üíç https://www.reddit.com/r/pics/comments/9jlwmy/at_airport_just_handed_thischallenge_acceptedgood/e6sijol/,343,280,1,54,8,,,14 Comments,/story.php?story_fbid=10156720197728735&id=7177913734
Reddit,,"16,October,2018,at,22:12",Good vibes via CNBC,63,50,,11,2,,,5 Comments,/story.php?story_fbid=10156700749188735&id=7177913734
Reddit,,"14,October,2018,at,21:48","""Dad's damaged army photo restored..."" Trending on Reddit via BBC News.",267,230,1,30,6,,,4 Comments,/story.php?story_fbid=10156700745788735&id=7177913734
Reddit,,"15,October,2018,at,18:49","""Around eight months ago, Lupe Fiasco took to Reddit to begin explaining the ideation and process behind his most recent album #DROGASWAVE."" More via Complex:",11,11,,,,,,3 Comments,/story.php?story_fbid=10156700746768735&id=7177913734
Reddit,,"12,October,2018,at,19:33","""Searching for the best bargains in beauty? Look no further than Reddit, where the makeup-obsessed and skincare-savvy gather by the thousands to share their favorite deals and dupes."" More via Elite Daily",6,6,,,,,,2 Comments,/story.php?story_fbid=10156685707678735&id=7177913734
Reddit,,"12,October,2018,at,04:02","There‚Äôs a group of people who count on Reddit, literally, and have been for several years. Starting with the loneliest number 1. Today, they‚Äôre closing in on a whopping 10,000,000. Down for the Count: A look inside the odd world of r/LiveCounting: https://redditblog.com/2018/10/11/livecounting/",152,128,4,8,11,,1,4 Comments,/story.php?story_fbid=10156742480463735&id=7177913734
Reddit,,"12,October,2018,at,09:18","""People Are Sharing Embarrassing Childhood Stories That Still Haunt Them On Reddit And, Honestly, LOL"" via BuzzFeed",47,34,12,1,,,,3 Comments,/story.php?story_fbid=10156742900673735&id=7177913734
Reddit,,"13,October,2018,at,04:51","""I am Catherine Hardwicke, director of The Twilight Saga celebrating its 10th anniversary with a new 4K release on October 23rd..."" #RedditAMA:",24,13,11,,,,,8 Comments,/story.php?story_fbid=10156745263018735&id=7177913734
Reddit,,"13,October,2018,at,21:03",A Beginner‚Äôs Guide to Reddit via App Store,29,26,2,1,,,,4 Comments,/story.php?story_fbid=10156687889433735&id=7177913734
Reddit,,"10,October,2018,at,03:14","The first in WBUR 90.9 FM & Endless Thread's series of scary stories from Reddit, in what they're calling SCREAMTIME.",28,26,1,1,,,,2 Comments,/story.php?story_fbid=10156737853483735&id=7177913734
Reddit,,"10,October,2018,at,20:04",#ProTips from redditors via Men's Health,9,8,1,,,,,4 Comments,/story.php?story_fbid=10156688206658735&id=7177913734
Reddit,,"11,October,2018,at,21:03",GTK web sites via r/AskReddit,41,38,,3,,,,1 C,/story.php?story_fbid=10156700041513735&id=7177913734
Reddit,,"11,October,2018,at,05:26",üê± Cat problems. üê±,98,62,33,2,1,,,9 Comments,/story.php?story_fbid=10156720191403735&id=7177913734
Reddit,,"10,October,2018,at,23:01",Redditor pro tips via PCMag,27,24,3,,,,,4 Comments,/story.php?story_fbid=10156737918753735&id=7177913734
Reddit,,"9,October,2018,at,21:56",via Refinery29,10,8,1,1,,,,2 Comments,/story.php?story_fbid=10156687879903735&id=7177913734
Reddit,,"7,October,2018,at,21:23",üí•via r/calvinandhobbes,18,17,,1,,,,1 C,/story.php?story_fbid=10156720186183735&id=7177913734
Reddit,,"8,October,2018,at,01:56","Is nothing safe anymore?!  ""u/regissss wrote, 'PSA: Dryer sheets can cause acne,' sending everyone who has ever had zits in a frantic tailspin."" More via Marie Claire",12,11,1,,,,,2 Comments,/story.php?story_fbid=10156687878828735&id=7177913734
Reddit,,"8,October,2018,at,23:08","Who gets their news from which social media sites? ""Reddit tops the list, with 73 percent of its users saying they get news from the site..."" More via WIRED",33,31,1,1,,,,4 Comments,/story.php?story_fbid=10156685765398735&id=7177913734
Reddit,,"6,October,2018,at,23:53",See how redditors spotted this new collection... via Allure,83,57,18,7,1,,,28 Comments,/story.php?story_fbid=10156685743618735&id=7177913734
Reddit,,"5,October,2018,at,04:19",ICYMI,15,14,1,,,,,2 Comments,/story.php?story_fbid=10156720179248735&id=7177913734
Reddit,,"5,October,2018,at,03:13",via r/aww üê±,261,188,57,16,,,,16 Comments,/story.php?story_fbid=10156725434618735&id=7177913734
Reddit,,"6,October,2018,at,19:14",A redditor discovered a text adventure game hidden inside Google Search... Got an hour of time to kill? Look no further via Engadget,188,171,,5,12,,,13 Comments,/story.php?story_fbid=10156720261488735&id=7177913734
Reddit,,"6,October,2018,at,01:11","""Reddit Surpasses 1 Billion Video Views, Closes in on 1 Million Uploads Per Month"" via Variety",187,166,2,12,7,,,18 Comments,/story.php?story_fbid=10156720257933735&id=7177913734
Reddit,,"5,October,2018,at,21:49",Buried on Reddit is a modestly popular sub called /r/stopgaming. It‚Äôs dedicated to helping those who suffer from self-professed gaming addiction... More via The Next Web,144,104,33,2,2,,3,50 Comments,/story.php?story_fbid=10156685737638735&id=7177913734
Reddit,,"3,October,2018,at,00:40","To understand the impact of video on Reddit, we turned to our data team for an in-depth analysis of viewing, posting & engagement stats. More in our insights report, Video on Reddit:",8,8,,,,,,2 Comments,/story.php?story_fbid=10156720120393735&id=7177913734
Reddit,,"3,October,2018,at,19:39","ICYMI, World of Warcraft AMA highlights via PC Gamer.",41,39,,1,,1,,6 Comments,/story.php?story_fbid=10156685718608735&id=7177913734
Reddit,,"4,October,2018,at,21:37",Featuring redditor advice via GQ.,75,58,10,,5,,2,38 Comments,/story.php?story_fbid=10156685717208735&id=7177913734
Reddit,,"4,October,2018,at,02:18","""If modern internet companies existed in the 1970s - early 1990s"" via r/gifs",40,37,,3,,,,3 Comments,/story.php?story_fbid=10156720178093735&id=7177913734
Reddit,,"3,October,2018,at,03:18","#HarryPotter RPG game leaked, spotted by redditors. More via The Verge.",330,259,3,26,40,2,,77 Comments,/story.php?story_fbid=10156720266538735&id=7177913734
Reddit,,"1,October,2018,at,01:00","""Here's Everything We Know About The Return Of Pumpkin Products To Trader Joe's"" via Refinery29 featuring redditor #protips",17,15,1,,,,1,2 Comments,/story.php?story_fbid=10156668703148735&id=7177913734
Reddit,,"2,October,2018,at,01:47","It should come as no surprise that there is seemingly endless amounts of gaming content on Reddit, but did you know that gamers make up 4.5% of all subscribers on our platform?  More in our gaming insights report:",20,19,,1,,,,3 Comments,/story.php?story_fbid=10156707800503735&id=7177913734
Reddit,,"2,October,2018,at,21:05","""In August, shortly after the release of World of Warcraft's seventh expansion, Battle For Azeroth, The Lazy Goldmaker posted one of his meticulous spreadsheets to the WoW economy subreddit. It contains a set of expertly appraised auction house margins for all of Azeroth's many tradeskills‚Äîblacksmithed weapons, stat-buffing cooking recipes, excavated gems..."" more via PC Gamer",46,42,2,1,1,,,5 Comments,/story.php?story_fbid=10156668709353735&id=7177913734
Reddit,,"30,September,2018,at,01:14","""Fed up with their high-pressure jobs, some millennials are quitting and embracing the FIRE movement. (It stands for financial independence, retire early)."" f/t redditor #protips via The New York Times",201,163,27,3,5,2,1,39 Comments,/story.php?story_fbid=10156650737678735&id=7177913734
Reddit,,"1,October,2018,at,21:15",Please enjoy this subreddit devoted entirely to beans in places where they don't belong via Mashable,89,61,19,8,,,1,37 Comments,/story.php?story_fbid=10156653328948735&id=7177913734
Reddit,,"25,September,2018,at,23:39","It‚Äôs #NationalVoterRegistrationDay. Are you registered? Voting is embedded in the Reddit experience. Yet offline, 1 in 4 eligible US voters isn‚Äôt registered. From #RedditAMA's to sharing information and resources, Reddit's got you covered.",17,15,1,1,,,,4 Comments,/story.php?story_fbid=10156702341508735&id=7177913734
Reddit,,"28,September,2018,at,18:15",üò≤,47,43,,4,,,,3 Comments,/story.php?story_fbid=10156650740533735&id=7177913734
Reddit,,"26,September,2018,at,21:43",Please remember ALL of these. via Men's Health,62,50,12,,,,,23 Comments,/story.php?story_fbid=10156621310733735&id=7177913734
Reddit,,"28,September,2018,at,03:03",13 of the weirdest subreddits on Reddit via The Frisky,54,44,10,,,,,21 Comments,/story.php?story_fbid=10156621312028735&id=7177913734
Reddit,,"28,September,2018,at,01:31",Paging World of Warcraft fans... This. Is. Epic.,79,62,,4,13,,,13 Comments,/story.php?story_fbid=10156707791863735&id=7177913734
Reddit,,"25,September,2018,at,19:45","""Colbert took the audience through a typical work day, revealing that he consults The Drudge Report, HuffPost main page, the front page of the The New York Times & the politics section of Reddit among other news sources first thing in the morning."" - The Hollywood Reporter",9,9,,,,,,2 Comments,/story.php?story_fbid=10156621313688735&id=7177913734
Reddit,,"23,September,2018,at,21:45",Winter is coming?,40,33,,2,3,2,,2 Comments,/story.php?story_fbid=10156650757788735&id=7177913734
Reddit,,"25,September,2018,at,04:03","""A new Infinity War theory emerged on the /r/FanTheories subreddit from redditor Riobhain that specifically analyzes the significance of Star-Lord‚Äôs seemingly irrational behavior."" More Inverse",126,114,6,5,,,1,25 Comments,/story.php?story_fbid=10156668706858735&id=7177913734
Reddit,,"24,September,2018,at,21:01",#MotivationMonday,195,164,2,14,14,1,,15 Comments,/story.php?story_fbid=10156621297983735&id=7177913734
Reddit,,"24,September,2018,at,04:23","""Here's Everything We Know About The Return Of Pumpkin Products To Trader Joe's"" via Refinery29 featuring redditor #protips",9,8,,,1,,,1 C,/story.php?story_fbid=10156668702433735&id=7177913734
Reddit,,"21,September,2018,at,20:55","Miles4Migrants coalesced after one member of the Reddit group, Nick Ruiz, shared a story about using his air miles to help reunite a Pakistani family via The New York Times.",47,38,,9,,,,1 C,/story.php?story_fbid=10156613644753735&id=7177913734
Reddit,,"22,September,2018,at,19:33",Diving into that last day of summer like... üò≤,20,18,2,,,,,2 Comments,/story.php?story_fbid=10156652993993735&id=7177913734
Reddit,,"21,September,2018,at,03:01",A Beginner‚Äôs Guide to Reddit via App Store,11,11,,,,,,6 Comments,/story.php?story_fbid=10156687887388735&id=7177913734
Reddit,,"23,September,2018,at,01:40","""At the age of 60, Snoop Dogg will be 420 in dog years"" and more profound r/ShowerThoughts on Reddit via HuffPost",773,486,241,38,6,1,1,37 Comments,/story.php?story_fbid=10156621304443735&id=7177913734
Reddit,,"20,September,2018,at,20:34","The most Reddit #TBT ever? When Lonnie Johnson, former NASA - National Aeronautics and Space Administration engineer and inventor of the Super Soaker, shows up in the comments.",89,74,2,12,1,,,4 Comments,/story.php?story_fbid=10156621294028735&id=7177913734
Reddit,,"19,September,2018,at,22:13",üê∂ via r/MadeMeSmile,7,6,,1,,,,1 C,/story.php?story_fbid=10156621301463735&id=7177913734
Reddit,,"18,September,2018,at,04:05","""In August, shortly after the release of World of Warcraft's seventh expansion, Battle For Azeroth, The Lazy Goldmaker posted one of his meticulous spreadsheets to the WoW economy subreddit. It contains a set of expertly appraised auction house margins for all of Azeroth's many tradeskills‚Äîblacksmithed weapons, stat-buffing cooking recipes, excavated gems..."" more via PC Gamer",21,21,,,,,,4 Comments,/story.php?story_fbid=10156668710118735&id=7177913734
Reddit,,"20,September,2018,at,01:38","""Six years ago today, I started a journal. Since then, I have journaled every day and the project has accumulated 2,400 pages and 1.2 million words. IAMA about any day since 9/18/12 and I'll tell you exactly what I was doing."" #RedditAMA",139,126,,7,5,1,,8 Comments,/story.php?story_fbid=10156687842808735&id=7177913734
Reddit,,"18,September,2018,at,18:38","""Americans who visited Europe, what was your biggest WTF moment?"" via r/AskReddit",81,76,4,1,,,,16 Comments,/story.php?story_fbid=10156621298928735&id=7177913734
Reddit,,"20,September,2018,at,01:01",Reddit user makes compelling argument for Kevin Durant being Voldemort via USA TODAY,86,56,26,3,1,,,21 Comments,/story.php?story_fbid=10156631296613735&id=7177913734
Reddit,,"16,September,2018,at,22:13",[OC] Pok√©mon Type by Generation via r/DataIsBeautiful.,20,16,,4,,,,C,/story.php?story_fbid=10156621296308735&id=7177913734
Reddit,,"16,September,2018,at,19:38",via r/ShowerThoughts,56,50,5,1,,,,3 Comments,/story.php?story_fbid=10156653002773735&id=7177913734
Reddit,,"16,September,2018,at,01:35",Simple act of kindness... <3,16,14,,2,,,,1 C,/story.php?story_fbid=10156621295598735&id=7177913734
Reddit,,"17,September,2018,at,20:45","""I did not understand the financial consequences of becoming an expat. Could use your advice."" More via r/PersonalFinance.",29,29,,,,,,5 Comments,/story.php?story_fbid=10156621297283735&id=7177913734
Reddit,,"16,September,2018,at,03:21",Whoa.,80,64,,4,12,,,9 Comments,/story.php?story_fbid=10156650754513735&id=7177913734
Reddit,,"11,September,2018,at,00:57",A Redditor Claims Diaper Cream Cleared Up Their Cystic Acne ‚Äî Here's What Experts Say via Allure,52,38,3,2,7,1,1,17 Comments,/story.php?story_fbid=10156613649028735&id=7177913734
Reddit,,"13,September,2018,at,21:28",Hmm...,55,41,13,,1,,,25 Comments,/story.php?story_fbid=10156621284673735&id=7177913734
Reddit,,"14,September,2018,at,19:04","""Someone has recreated Drake's #InMyFeelings music video, in its entirety, using #Fortnite replay mode... The video shows the original footage as well, so you're able to see how closely the remake comes to the original.""",14,9,3,,,2,,21 Comments,/story.php?story_fbid=10156613663283735&id=7177913734
Reddit,,"12,September,2018,at,21:12","""At the age of 60, Snoop Dogg will be 420 in dog years"" and more profound r/ShowerThoughts on Reddit via HuffPost",14K,878,490,72,13,,2,58 Comments,/story.php?story_fbid=10156613653763735&id=7177913734
Reddit,,"13,September,2018,at,05:19",üê∂üòç,113,83,10,19,1,,,11 Comments,/story.php?story_fbid=10156650750193735&id=7177913734
Reddit,,"9,September,2018,at,19:27",üòÇ via BuzzFeed,177,54,30,,1,7,85,48 Comments,/story.php?story_fbid=10156621283748735&id=7177913734
Reddit,,"7,September,2018,at,19:55",‚ÄòI don‚Äôt wanna talk about baseball‚Äô: Nationals fans turn Reddit page into guide to national parks via Washington Post.,122,85,32,4,,1,,16 Comments,/story.php?story_fbid=10156613645558735&id=7177913734
Reddit,,"8,September,2018,at,22:27",How to find the best personal finance advice on Reddit via U.S. News and World Report,43,38,,3,,2,,11 Comments,/story.php?story_fbid=10156621282293735&id=7177913734
Reddit,,"7,September,2018,at,04:34",üòÇ,84,52,29,3,,,,5 Comments,/story.php?story_fbid=10156652996833735&id=7177913734
Reddit,,"6,September,2018,at,21:30","Miles4Migrants coalesced after one member of the Reddit group, Nick Ruiz, shared a story about using his air miles to help reunite a Pakistani family via The New York Times.",82,63,,19,,,,8 Comments,/story.php?story_fbid=10156613643933735&id=7177913734
Reddit,,"5,September,2018,at,00:52","Keep your skin safe, from a.m. to p.m. with the 7 best sunscreens for your face‚Äîaccording to Reddit via Cosmopolitan UK",17,15,1,1,,,,6 Comments,/story.php?story_fbid=10156613640643735&id=7177913734
Reddit,,"6,September,2018,at,03:05",13 of the weirdest subreddits on Reddit via The Frisky,88,73,11,3,1,,,27 Comments,/story.php?story_fbid=10156613642348735&id=7177913734
Reddit,,"3,September,2018,at,22:13","""This bunch of grapes has two different varieties growing on it."" via r/mildlyinteresting",56,45,1,3,6,1,,11 Comments,/story.php?story_fbid=10156613638038735&id=7177913734
Reddit,,"3,September,2018,at,04:15",üê∂üòç,143,86,1,47,1,8,,7 Comments,/story.php?story_fbid=10156640709793735&id=7177913734
Reddit,,"2,September,2018,at,00:50","""For amateur data scientists, Reddit provides the opportunity to post about personal projects, chat with like-minded people and get free advice from a large community.""",36,34,,2,,,,4 Comments,/story.php?story_fbid=10156613634318735&id=7177913734
Reddit,,"29,August,2018,at,21:22",Where have summer travels taken you?,26,21,,5,,,,4 Comments,/story.php?story_fbid=10156525203798735&id=7177913734
Reddit,,"31,August,2018,at,22:30","""TIL that Neil Armstrong went to the North Pole with Sir Edmund Hillary (first to climb Mt Everest) and other prominent explorers. He said that he was curious to see it from the ground, since he'd only seen it from space."" https://www.reddit.com/r/todayilearned/comments/8yp5rf/til_that_neil_armstrong_went_to_the_north_pole/",213,183,7,17,6,,,12 Comments,/story.php?story_fbid=10156530019483735&id=7177913734
Reddit,,"31,August,2018,at,00:42",#TBT to this great AMA from the team at Know Your Meme.,27,25,,2,,,,2 Comments,/story.php?story_fbid=10156525235648735&id=7177913734
Reddit,,"1,September,2018,at,19:46",Wait for it...,58,41,4,11,2,,,5 Comments,/story.php?story_fbid=10156631261078735&id=7177913734
Reddit,,"2,September,2018,at,20:50","""Colbert took the audience through a typical work day, revealing that he consults The Drudge Report, HuffPost main page, the front page of the The New York Times and the politics section of Reddit among other news sources first thing in the morning.""  via The Hollywood Reporter",50,47,,2,,,1,9 Comments,/story.php?story_fbid=10156613637338735&id=7177913734
Reddit,,"27,August,2018,at,01:34","""I did not understand the financial consequences of becoming an expat. Could use your advice."" More via r/PersonalFinance.",46,42,,,3,1,,4 Comments,/story.php?story_fbid=10156530026598735&id=7177913734
Reddit,,"28,August,2018,at,04:28","""Americans who visited Europe, what was your biggest WTF moment?"" via r/AskReddit.",32,30,1,1,,,,7 Comments,/story.php?story_fbid=10156530014813735&id=7177913734
Reddit,,"25,August,2018,at,00:22",[OC] Pok√©mon Type by Generation via r/DataIsBeautiful.,64,55,3,3,2,,1,10 Comments,/story.php?story_fbid=10156529993383735&id=7177913734
Reddit,,"29,August,2018,at,04:15",Trending on r/LifeProTips,59,55,1,2,1,,,4 Comments,/story.php?story_fbid=10156633602148735&id=7177913734
Reddit,,"28,August,2018,at,21:48",Redditor beauty tips via Paper Magazine.,17,12,4,,,,1,8 Comments,/story.php?story_fbid=10156563242403735&id=7177913734
Reddit,,"23,August,2018,at,01:09","Requests sourced via redditors, this guy's YouTube channel is nothing but him eating anything and everything... Seriously.",58,34,17,5,2,,,9 Comments,/story.php?story_fbid=10156529857778735&id=7177913734
Reddit,,"23,August,2018,at,21:19",Mind. Blown.  via r/mildlyinteresting.,71,57,,3,11,,,6 Comments,/story.php?story_fbid=10156525200533735&id=7177913734
Reddit,,"22,August,2018,at,02:31",Couple accidentally proposes to each other at the same time via r/MadeMeSmile,431,310,30,83,8,,,14 Comments,/story.php?story_fbid=10156616531773735&id=7177913734
Reddit,,"21,August,2018,at,23:29","""Venturing through the lesser known parts of Reddit is one of the best parts of the job, and most recently, that was sifting through original content."" More from the desk of Reddit‚Äôs cartographer:",8,8,,,,,,1 C,/story.php?story_fbid=10156616081813735&id=7177913734
Reddit,,"21,August,2018,at,18:05","""Someone has recreated Drake's #InMyFeelings music video, in its entirety, using #Fortnite replay mode... The video shows the original footage as well, so you're able to see how closely the remake comes to the original.""",48,34,4,2,,8,,12 Comments,/story.php?story_fbid=10156613666063735&id=7177913734
Reddit,,"21,August,2018,at,01:51",Genius tips via redditors in Teen Vogue.,27,23,2,2,,,,16 Comments,/story.php?story_fbid=10156563139343735&id=7177913734
Reddit,,"19,August,2018,at,01:20","""A very good dog named Bonnie has become an Internet sensation after her owner posted a video to Reddit of her running with a frisbee that has a GoPro attached to it."" via TIME",74,53,11,10,,,,2 Comments,/story.php?story_fbid=10156563181123735&id=7177913734
Reddit,,"20,August,2018,at,03:06",Sorry for the #SundayScaries...,116,103,2,6,5,,,8 Comments,/story.php?story_fbid=10156529853123735&id=7177913734
Reddit,,"20,August,2018,at,21:20","""What I learned from chatting with 7,000 strangers on the internet."" More on how Reddit Chat came to be on our blog.",43,39,3,1,,,,6 Comments,/story.php?story_fbid=10156529828478735&id=7177913734
Reddit,,"19,August,2018,at,19:55","""Redditors are sharing their favorite 'life pro tips' in an AskReddit thread, and we‚Äôve collected the best... Learn tricks for falling asleep, starting hard tasks, and calculating percentages."" via Lifehacker",135,126,5,3,1,,,11 Comments,/story.php?story_fbid=10156563267843735&id=7177913734
Reddit,,"17,August,2018,at,04:38","""There are now more than 100 opioid overdose deaths per day in the U.S. Still, some people manage to break that cycle of addiction by using apps and websites to find community, and to get sober."" Learn how one man turned to Reddit to overcome addiction.",85,70,1,13,,1,,1 C,/story.php?story_fbid=10156563120743735&id=7177913734
Reddit,,"17,August,2018,at,20:03",#ProTips for McDonald's fans via Business Insider.,76,67,4,2,3,,,22 Comments,/story.php?story_fbid=10156529849458735&id=7177913734
Reddit,,"17,August,2018,at,23:45","Thank you, r/ShowerThoughts... This simple observation about the #HarryPotter series has gone viral via Mashable.",73,68,,,,2,3,22 Comments,/story.php?story_fbid=10156529841253735&id=7177913734
Reddit,,"18,August,2018,at,21:29",15 Holy-Grail Skin Care Products Redditors Swear By via Dermstore,25,21,4,,,,,8 Comments,/story.php?story_fbid=10156563109193735&id=7177913734
Reddit,,"16,August,2018,at,21:56",Uplifting news alert.,8,8,,,,,,2 Comments,/story.php?story_fbid=10156529832268735&id=7177913734
Reddit,,"16,August,2018,at,03:00",How to create successful campaigns from a Reddit Brand Strategist.,10,10,,,,,,5 Comments,/story.php?story_fbid=10156529824918735&id=7177913734
Reddit,,"15,August,2018,at,03:18","""My chicken only lays double-yoked eggs."" üç≥",248,175,21,8,44,,,32 Comments,/story.php?story_fbid=10156525199053735&id=7177913734
Reddit,,"15,August,2018,at,21:54",This 'budget' graduation photo recreation is going gloriously viral on Reddit via Mashable.,156,115,18,23,,,,5 Comments,/story.php?story_fbid=10156563143143735&id=7177913734
Reddit,,"14,August,2018,at,18:04",Redditor #ProTips captured by Bustle.,69,62,2,5,,,,24 Comments,/story.php?story_fbid=10156563157563735&id=7177913734
Reddit,,"16,August,2018,at,08:37",So smooth. üê∂,40,36,,4,,,,4 Comments,/story.php?story_fbid=10156601617298735&id=7177913734
Reddit,,"13,August,2018,at,05:53",üëá,282,187,75,18,,2,,21 Comments,/story.php?story_fbid=10156563252408735&id=7177913734
Reddit,,"14,August,2018,at,00:20",r/AskReddit: Should men shave their armpit hair?  via Men's Health.,99,64,24,,3,1,7,123 Comments,/story.php?story_fbid=10156529836578735&id=7177913734
Reddit,,"13,August,2018,at,18:55",Redditors share photos of their little monsters via BuzzFeed. üòÇ,89,61,9,19,,,,57 Comments,/story.php?story_fbid=10156563144363735&id=7177913734
Reddit,,"11,August,2018,at,21:37",ICYMI: National Geographic's #RedditAMA with Michael Finkel and the science of sleep.,31,27,,4,,,,1 C,/story.php?story_fbid=10156529802953735&id=7177913734
Reddit,,"10,August,2018,at,23:11",Friday fluff via r/aww.,147,116,6,25,,,,4 Comments,/story.php?story_fbid=10156525186953735&id=7177913734
Reddit,,"4,August,2018,at,21:08",üòç,198,166,,27,4,1,,11 Comments,/story.php?story_fbid=10156525179648735&id=7177913734
Reddit,,"8,August,2018,at,18:31","Do you agree with Dermstore's list of ""15 holy-grail skin care products redditors swear by?""",11,11,,,,,,6 Comments,/story.php?story_fbid=10156563111383735&id=7177913734
Reddit,,"3,August,2018,at,02:24","""A very good dog named Bonnie has become an Internet sensation after her owner posted a video to Reddit of her running with a frisbee that has a GoPro attached to it."" via TIME",97,73,10,13,1,,,5 Comments,/story.php?story_fbid=10156563187033735&id=7177913734
Reddit,,"4,August,2018,at,04:36",Friday fluff courtesy of r/BabyCorgis.,298,219,9,68,1,1,,56 Comments,/story.php?story_fbid=10156570892973735&id=7177913734
Reddit,,"27,July,2018,at,01:48",Nearly 19 million subscribers rely on r/todayilearned for their daily dose of knowledge. Do you?,105,98,,7,,,,8 Comments,/story.php?story_fbid=10156435652183735&id=7177913734
Reddit,,"9,July,2018,at,00:17","""Reddit is the place to tap into influential consumer conversations on anything from opinions on the latest tech gadget to tips the home buying process. This data can help brands understand the preferences of their target audience and uncover valuable consumer insights."" - Crimson Hexagon.",45,39,2,1,,,3,7 Comments,/story.php?story_fbid=10156442819653735&id=7177913734
Reddit,,"10,July,2018,at,07:05","‡ºº „Å§ ‚óï_ ‚óï ‡ºΩ„Å§ ‡ºº „Å§ ‚óï_ ‚óï ::;:.::..:. . . . . ‡ºº „Å§ ‚óï_ :;:.::..:. . . . . . . . . . ‡ºº „Å§ :;:.::..:::....:.:... . . . . . . . ‡ºº ;::,':;:.::..:::....:.:... . . . . . . :,':;:.::..:::....:.:... . . . ;.::. .:. : ... . .. . . . #ThanosDidNothingWrong https://www.reddit.com/r/thanosdidnothingwrong/comments/8xhn4u/ban_being_streamed_on_twitch/",739,527,167,34,4,7,,47 Comments,/story.php?story_fbid=10156507535678735&id=7177913734
Reddit,,"19,July,2018,at,02:06",Some mid-week fluff to solve your hump-day blues... Dogs getting dogs as gifts: https://www.reddit.com/r/DGDAG/,741,539,11,189,1,1,,173 Comments,/story.php?story_fbid=10156529763338735&id=7177913734
Reddit,,"7,July,2018,at,01:44","ICYMI: ""During a #RedditAMA... Marvel Studios's head of TV confirmed Iron Fist Season 2 will come to Netflix later this year..."" via Newsweek",105,90,7,3,2,3,,22 Comments,/story.php?story_fbid=10156439890248735&id=7177913734
Reddit,,"4,July,2018,at,05:33","""Tulparkul - Kyrgyzstan. Is this heaven on Earth?"" via r/travel.",58,53,,3,2,,,2 Comments,/story.php?story_fbid=10156490779603735&id=7177913734
Reddit,,"4,July,2018,at,21:40","""It's that time of year again when your dog freaks out from fireworks! [Discussion]"" via r/dogs.",30,27,2,1,,,,1 C,/story.php?story_fbid=10156491062488735&id=7177913734
"Reddit,App Store",App Store,"19,June,2018,at,04:03",r/BeforeNAfterAdoption = üòçLooking for some cool new subreddits? We asked the Reddit team to share one of their favorites (r/BeforeNAfterAdoption). We recommend checking it out üòªüê∂ apple.co/RedditApp,25,21,,3,,,1,1 C,/story.php?story_fbid=10156453269668735&id=7177913734
Reddit,,"5,June,2018,at,20:22","""The best of the tiniest, smallest subreddits on Reddit, featured daily! Discover a small or tiny subreddit that you love today! Tiny Subreddit of the Day celebrates the smaller communities on Reddit. Just like /r/SubredditoftheDay we feature smaller subreddits daily. We even welcome nominations of any subreddit, even if it's your own.""",37,37,,,,,,C,/story.php?story_fbid=10156402881463735&id=7177913734
Reddit,,"10,June,2018,at,21:23","""Subreddit of the Day ... is a celebration of the interesting communities on reddit.com. Once a day we shine a spotlight on the small, the big, the new and the old. Our mission is to spotlight unique reddit communities, every damn day.""",36,35,,,1,,,1 C,/story.php?story_fbid=10156402882578735&id=7177913734
Reddit,,"25,May,2018,at,00:40",We‚Äôre excited to announce the rollout of a much requested feature ‚Äì‚Äì Night Mode! More: https://redditblog.com/2018/05/24/night-mode-is-finally-here/,104,87,,14,3,,,11 Comments,/story.php?story_fbid=10156391455288735&id=7177913734
Reddit,,"30,May,2018,at,20:35","""... a few of these concerned men have turned to the internet's biggest source of comfort: Reddit. The Subreddit for bald men, r/bald, reassures men that they can 'lose your hair, not your head' with the help of tips and tricks for embracing hair loss as well as photos and grooming advice."" More via Men's Health:",102,75,13,13,1,,,16 Comments,/story.php?story_fbid=10156373020983735&id=7177913734
Reddit,,"16,May,2018,at,01:56",The more you know... üí´  #TIL [courtesy of r/TodayILearned],733,626,1,92,13,,1,18 Comments,/story.php?story_fbid=10156321574083735&id=7177913734
Reddit,,"27,April,2018,at,21:33","‚ÄúHe just seemed like a really, really nice guy,"" Dan McCauley said of their witness.",408,336,36,34,2,,,3 Comments,/story.php?story_fbid=10156321533483735&id=7177913734
Reddit,,"27,April,2018,at,00:23","#TBT: Beating Super Mario Bros., 1988. [courtesy of r/OldSchoolCool]",495,409,41,41,3,1,,12 Comments,/story.php?story_fbid=10156321858453735&id=7177913734
Reddit,,"16,May,2018,at,00:36","Snoo salutes you, Adult Swim, for the 70-episode renewal of Rick and Morty. Join the #RickandMorty conversation on Reddit: https://www.reddit.com/r/rickandmorty/",895,767,24,90,9,1,4,25 Comments,/story.php?story_fbid=10156370489233735&id=7177913734
Reddit,,"2,May,2018,at,23:39",Mid-week pick-me-up courtesy of r/aww.,158,125,8,25,,,,9 Comments,/story.php?story_fbid=10156321544508735&id=7177913734
Reddit,,"26,April,2018,at,01:50",10 grooming #ProTips from the women of r/AskReddit via Men's Health,136,94,39,3,,,,17 Comments,/story.php?story_fbid=10156321530328735&id=7177913734
Reddit,,"10,April,2018,at,00:17","""We are Westworld Co-Creators/Executive Producers/Directors Jonathan Nolan and Lisa Joy, Ask Us Anything!"" LIVE on r/Westworld! redd.it/8aztn4",102,88,6,6,2,,,5 Comments,/story.php?story_fbid=10156283614108735&id=7177913734
Reddit,,"24,March,2018,at,04:18","In this week's episode of WBUR 90.9 FM podcast Endless Thread, Ben & Amory talked to Bill Hader about Reddit and Hader's new HBO show ""Barry."" Listen here: http://www.wbur.org/endlessthread/2018/03/23/drinking-the-hader-ade",31,28,2,1,,,,3 Comments,/story.php?story_fbid=10156238215048735&id=7177913734
Reddit,,"5,April,2018,at,01:24","""My Grandma made these outfits for my Mom and her sisters, 1972"" Posted on r/OldSchoolCool by u/ThickBeardSanchez: reddit.app.link/osc_outfits",766,621,41,93,10,1,,57 Comments,/story.php?story_fbid=10156271991158735&id=7177913734
Reddit,,"26,March,2018,at,12:00","""Today our rescue became an anatomically correct heart."" Posted on r/aww by u/travelcallcharlie: reddit.app.link/ventricat",21K,15K,385,195,24,,,134 Comments,/story.php?story_fbid=10156244327903735&id=7177913734
Reddit,,"23,March,2018,at,01:26","""I bought a camera to spy on my dog while I'm gone. I think he knows."" Posted on r/aww by u/t-poke: reddit.app.link/the_dog_knows",24K,16K,766,104,2,1,,159 Comments,/story.php?story_fbid=10156234969038735&id=7177913734
Reddit,,"13,March,2018,at,01:19","""I work night shift. Watching the clock go from 2 am to 3 am during working hours last night was glorious. We worked an hour less, and still get paid for that lost hour."" ‚Äîu/Sixial reddit.app.link/spring_fwd",1K,856,100,47,3,,,19 Comments,/story.php?story_fbid=10156204993373735&id=7177913734
Reddit,,"6,March,2018,at,01:19","This Thursday, join us at our SF office for a WiWSF International Women's Day Panel with Reddit Data Scientist Kritika Rai! https://www.eventbrite.com/e/wiwsf-international-womens-day-panel-hosted-at-reddit-tickets-42733033654",60,51,3,5,1,,,3 Comments,/story.php?story_fbid=10156183447353735&id=7177913734
Reddit,,"21,March,2018,at,05:32","ICYMI,  r/indieheads hosted Colin Meloy of The Decemberists today for an AMA, to chat about his first concert, favorite word, the new Decemberists album, and writing music that's either ""universally beloved or reviled"" or ""a bit of both."" Read all his answers to redditors' questions here: reddit.app.link/decemberists_ama",59,51,,7,1,,,10 Comments,/story.php?story_fbid=10156229846458735&id=7177913734
Reddit,,"6,March,2018,at,04:21","""Perks of having a glass dinner table"" Posted on r/aww by u/g0dzilllla: reddit.app.link/table_dog",31K,21K,866,108,1,,1,354 Comments,/story.php?story_fbid=10156183874518735&id=7177913734
Reddit,,"20,March,2018,at,02:52","""Hopefully you guys find my shirt as amusing as I do!"" Posted on r/funny by u/YungAvocadoDaGawd84: reddit.app.link/ice_cubes",27K,18K,839,97,4,1,1,254 Comments,/story.php?story_fbid=10156226423603735&id=7177913734
Reddit,,"17,February,2018,at,03:30","""Every day when I get home."" Posted on r/tippytaps by u/kittapea: reddit.app.link/tippytaps",21K,14K,107,540,2,,,464 Comments,/story.php?story_fbid=10156134481233735&id=7177913734
Reddit,,"15,February,2018,at,05:19","""All my husband wanted for Valentine's was this stupid dinosaur costume. Ask and you shall receive..."" Posted on r/funny by u/lake1111: reddit.app.link/valendino",43K,22K,1.6K,414,,1,,635 Comments,/story.php?story_fbid=10156129227913735&id=7177913734
Reddit,,"21,February,2018,at,05:32","""After years of being in love and obsessed with corgis... I finally got my very own."" Posted on r/corgi by u/pumpkiim: reddit.app.link/finally_corgi",26K,19K,11,689,17,,,295 Comments,/story.php?story_fbid=10156146224218735&id=7177913734
Reddit,,"3,March,2018,at,01:45","""MRW February is Over""  Posted on r/HighQualityGifs by u/OrestKhvolson: reddit.app.link/hqg_room",Thang Bui and 3.2K others,24K,577,174,1,2,2,866 Comments,/story.php?story_fbid=10156174616448735&id=7177913734
Reddit,,"26,January,2018,at,02:11","""Sometimes you just gotta eat ramen in the rain."" Posted on r/reallifedoodles by u/creatingcrapcartoons: reddit.app.link/ramen_rain_1",407,353,13,40,1,,,25 Comments,/story.php?story_fbid=10156071485738735&id=7177913734
Reddit,,"30,January,2018,at,02:56","""This is Macaulay Culkin. This is the most important thing I've ever done in my life. AMA"" LIVE on r/IAmA! reddit.app.link/macaulay_ama",28K,24K,148,236,31,2,,136 Comments,/story.php?story_fbid=10156083766868735&id=7177913734
Reddit,,"17,January,2018,at,03:11","""I‚Äôm Paul Thomas Anderson, writer and director of Phantom Thread, AMA!"" Ask Paul Thomas Anderson your questions now on r/IAmA! redd.it/7quthe",102,99,,,3,,,2 Comments,/story.php?story_fbid=10156044709893735&id=7177913734
Reddit,,"10,February,2018,at,04:58","""My kid's preschool added something special yesterday to the solar system diorama they made last week."" Posted on r/gifs by u/ground_truth: reddit.app.link/diorama",13K,902,296,125,5,2,1,79 Comments,/story.php?story_fbid=10156114661328735&id=7177913734
Reddit,,"23,January,2018,at,04:34","""Our wee boy Hamish likes to play ball, but only if he‚Äôs the ball."" Posted by u/growlroisin on r/aww: reddit.app.link/cat_ball",41K,29K,554,671,30,,5,"1,127 Comments",/story.php?story_fbid=10156062413588735&id=7177913734
Reddit,,"13,January,2018,at,02:42","The debut episode of WBUR 90.9 FM's new Reddit-themed podcast is here! Check out the preview below for ""No No No No Yes"" (inspired, of course, by r/nonononoyes). You can listen to the whole story on Apple Podcasts: wbur.fm/2AQRx8D",91,88,,1,1,,1,1 C,/story.php?story_fbid=10155482718368650&id=7177913734
Reddit,,"11,January,2018,at,01:09","""Left a sign on my car saying I was out all day and people could block me in. This note was attached when I got back"" Posted on r/HumansBeingBros by u/tootsmefroots: redd.it/7pf6y7",24K,2K,3,363,14,,1,23 Comments,/story.php?story_fbid=10156029358363735&id=7177913734
Reddit,,"4,January,2018,at,02:14","""First day back in this office this year... I never typed the wrong date once."" Posted on r/pics by u/ol_norm: redd.it/7npj23",78K,48K,2.8K,104,24,4,,333 Comments,/story.php?story_fbid=10156010629233735&id=7177913734
Reddit,,"12,January,2018,at,22:40",WBUR 90.9 FM's new Reddit-themed podcast is finally here! Listen to the premiere episode (inspired by r/nonononoyes) today on your podcast app of choice! Listen here: wbur.org/endlessthread/2018/01/12/no-no-no-no-yes Read more on our blog: redditblog.com/2018/01/12/wbur-reddit-podcast-premiere/,114,110,,2,1,,1,13 Comments,/story.php?story_fbid=10156034014683735&id=7177913734
